Nam,Tinh,Mon,count,mean,median,std,pct_ge_8,MaTinh,TenTinh
2021,1,HoaHoc,31041,6.2927,,1.9131,25.87,1.0,Hà Nội
2021,1,NgoaiNgu,86888,6.4637,,2.5062,39.96,1.0,Hà Nội
2021,1,NguVan,99117,6.7881,,1.409,25.04,1.0,Hà Nội
2021,1,SinhHoc,30581,5.0338,,1.4636,4.81,1.0,Hà Nội
2021,1,Toan,99576,6.951,,1.7476,37.18,1.0,Hà Nội
2021,1,VatLy,31017,6.7479,,1.5249,26.0,1.0,Hà Nội
2021,2,HoaHoc,50773,6.5341,,1.4453,18.95,2.0,Hà Giang
2021,2,NgoaiNgu,75492,7.229,,1.9354,46.64,2.0,Hà Giang
2021,2,NguVan,84598,6.4793,,1.0054,6.0,2.0,Hà Giang
2021,2,SinhHoc,50435,5.577,,1.3613,6.0,2.0,Hà Giang
2021,2,Toan,85579,7.1604,,1.2484,30.97,2.0,Hà Giang
2021,2,VatLy,50493,6.283,,1.3193,11.43,2.0,Hà Giang
2021,3,HoaHoc,8757,6.5495,,1.6587,25.1,3.0,Cao Bằng
2021,3,NgoaiNgu,20703,6.5122,,2.2302,35.72,3.0,Cao Bằng
2021,3,NguVan,22932,6.3571,,1.4497,14.32,3.0,Cao Bằng
2021,3,SinhHoc,8652,5.5253,,1.3602,4.94,3.0,Cao Bằng
2021,3,Toan,23081,6.9635,,1.6347,35.3,3.0,Cao Bằng
2021,3,VatLy,8747,6.9177,,1.3121,25.78,3.0,Cao Bằng
2021,4,HoaHoc,5201,6.4532,,1.7743,25.51,4.0,Bắc Kạn
2021,4,NgoaiNgu,11246,6.4474,,2.2843,35.85,4.0,Bắc Kạn
2021,4,NguVan,12332,5.5906,,1.4355,5.81,4.0,Bắc Kạn
2021,4,SinhHoc,5098,5.1862,,1.5647,7.12,4.0,Bắc Kạn
2021,4,Toan,12488,6.8475,,1.6904,32.01,4.0,Bắc Kạn
2021,4,VatLy,5190,6.5189,,1.4562,17.44,4.0,Bắc Kạn
2021,5,HoaHoc,551,6.3907,,1.6297,21.42,5.0,Tuyên Quang
2021,5,NgoaiNgu,4996,4.173,,1.8857,7.09,5.0,Tuyên Quang
2021,5,NguVan,5530,5.3215,,1.5849,5.26,5.0,Tuyên Quang
2021,5,SinhHoc,524,5.3249,,1.4717,6.11,5.0,Tuyên Quang
2021,5,Toan,5458,4.9156,,1.8359,7.81,5.0,Tuyên Quang
2021,5,VatLy,552,6.3555,,1.4915,15.04,5.0,Tuyên Quang
2021,6,HoaHoc,611,6.4685,,1.5209,18.33,6.0,Lào Cai
2021,6,NgoaiNgu,4066,4.5147,,2.0213,9.86,6.0,Lào Cai
2021,6,NguVan,4605,5.7893,,1.5091,8.1,6.0,Lào Cai
2021,6,SinhHoc,548,5.3321,,1.4374,5.47,6.0,Lào Cai
2021,6,Toan,4411,5.3028,,1.8624,11.06,6.0,Lào Cai
2021,6,VatLy,605,6.445,,1.3734,14.88,6.0,Lào Cai
2021,7,HoaHoc,612,6.656,,1.5145,23.69,7.0,Điện Biên
2021,7,NgoaiNgu,3101,4.9467,,1.4357,5.42,7.0,Điện Biên
2021,7,NguVan,3507,5.6503,,1.2937,3.05,7.0,Điện Biên
2021,7,SinhHoc,586,5.7172,,1.2881,5.63,7.0,Điện Biên
2021,7,Toan,3429,6.0606,,1.461,11.26,7.0,Điện Biên
2021,7,VatLy,613,6.407,,1.3279,13.54,7.0,Điện Biên
2021,8,HoaHoc,1465,6.5944,,1.6588,25.6,8.0,Lai Châu
2021,8,NgoaiNgu,6294,5.2363,,1.933,13.52,8.0,Lai Châu
2021,8,NguVan,7252,6.5336,,1.3294,15.28,8.0,Lai Châu
2021,8,SinhHoc,1436,5.9415,,1.3879,9.19,8.0,Lai Châu
2021,8,Toan,7209,6.2232,,1.5905,16.13,8.0,Lai Châu
2021,8,VatLy,1454,6.5648,,1.381,17.74,8.0,Lai Châu
2021,9,HoaHoc,1071,7.0226,,1.4075,32.77,9.0,Sơn La
2021,9,NgoaiNgu,7961,5.0234,,1.9285,11.12,9.0,Sơn La
2021,9,NguVan,8587,6.0844,,1.3744,8.98,9.0,Sơn La
2021,9,SinhHoc,1042,6.1207,,1.5869,15.74,9.0,Sơn La
2021,9,Toan,8481,5.8665,,1.595,11.68,9.0,Sơn La
2021,9,VatLy,1062,6.6024,,1.3555,18.64,9.0,Sơn La
2021,10,HoaHoc,1212,6.4928,,1.682,22.61,10.0,Yên Bái
2021,10,NgoaiNgu,7681,4.9328,,2.0309,12.28,10.0,Yên Bái
2021,10,NguVan,9373,6.2256,,1.5432,13.82,10.0,Yên Bái
2021,10,SinhHoc,1141,5.6262,,1.5169,8.15,10.0,Yên Bái
2021,10,Toan,9224,5.5715,,1.7603,11.23,10.0,Yên Bái
2021,10,VatLy,1205,6.5,,1.4338,16.43,10.0,Yên Bái
2021,11,HoaHoc,298,6.7181,,1.5139,28.52,11.0,Hòa Bình
2021,11,NgoaiNgu,2337,4.9082,,1.9537,11.13,11.0,Hòa Bình
2021,11,NguVan,2852,6.2435,,1.3634,11.82,11.0,Hòa Bình
2021,11,SinhHoc,282,5.859,,1.4882,9.22,11.0,Hòa Bình
2021,11,Toan,2678,5.7379,,1.6616,10.16,11.0,Hòa Bình
2021,11,VatLy,297,6.6481,,1.2173,15.15,11.0,Hòa Bình
2021,12,HoaHoc,3941,6.8118,,1.5571,28.57,12.0,Thái Nguyên
2021,12,NgoaiNgu,13356,5.2666,,2.0869,15.4,12.0,Thái Nguyên
2021,12,NguVan,16651,6.1979,,1.3829,10.27,12.0,Thái Nguyên
2021,12,SinhHoc,3860,5.3288,,1.5346,7.59,12.0,Thái Nguyên
2021,12,Toan,16628,6.1376,,1.8417,20.54,12.0,Thái Nguyên
2021,12,VatLy,3921,6.6223,,1.4271,20.48,12.0,Thái Nguyên
2021,13,HoaHoc,961,6.7047,,1.5973,26.85,13.0,Lạng Sơn
2021,13,NgoaiNgu,6701,5.5139,,1.9795,16.06,13.0,Lạng Sơn
2021,13,NguVan,8033,6.2481,,1.4157,13.11,13.0,Lạng Sơn
2021,13,SinhHoc,932,5.5587,,1.5553,9.23,13.0,Lạng Sơn
2021,13,Toan,7929,5.8364,,1.7049,13.85,13.0,Lạng Sơn
2021,13,VatLy,956,6.631,,1.3647,19.56,13.0,Lạng Sơn
2021,14,HoaHoc,1064,6.6819,,1.5861,26.5,14.0,Quảng Ninh
2021,14,NgoaiNgu,9599,4.4137,,1.7432,6.84,14.0,Quảng Ninh
2021,14,NguVan,11268,6.1225,,1.2788,7.08,14.0,Quảng Ninh
2021,14,SinhHoc,1013,5.7117,,1.5487,10.27,14.0,Quảng Ninh
2021,14,Toan,11034,5.2591,,1.6893,8.08,14.0,Quảng Ninh
2021,14,VatLy,1045,6.538,,1.4663,20.57,14.0,Quảng Ninh
2021,15,HoaHoc,3260,7.0369,,1.6015,37.45,15.0,Bắc Giang
2021,15,NgoaiNgu,13425,5.8183,,1.9971,20.07,15.0,Bắc Giang
2021,15,NguVan,15916,6.3947,,1.3319,13.6,15.0,Bắc Giang
2021,15,SinhHoc,3177,5.6096,,1.5535,8.88,15.0,Bắc Giang
2021,15,Toan,15923,6.5341,,1.6202,23.56,15.0,Bắc Giang
2021,15,VatLy,3247,6.9425,,1.3942,29.75,15.0,Bắc Giang
2021,16,HoaHoc,4141,6.9097,,1.6102,33.54,16.0,Phú Thọ
2021,16,NgoaiNgu,10497,6.2729,,2.0575,28.23,16.0,Phú Thọ
2021,16,NguVan,13771,6.8339,,1.2988,21.54,16.0,Phú Thọ
2021,16,SinhHoc,4054,5.7936,,1.3322,6.91,16.0,Phú Thọ
2021,16,Toan,13841,6.8238,,1.6841,31.51,16.0,Phú Thọ
2021,16,VatLy,4136,7.0872,,1.2858,30.46,16.0,Phú Thọ
2021,17,HoaHoc,3139,6.3871,,1.8406,26.25,17.0,Vĩnh Phúc
2021,17,NgoaiNgu,13648,5.8755,,2.2707,25.44,17.0,Vĩnh Phúc
2021,17,NguVan,16138,6.2986,,1.6284,17.85,17.0,Vĩnh Phúc
2021,17,SinhHoc,3078,5.3153,,1.5229,7.54,17.0,Vĩnh Phúc
2021,17,Toan,16166,6.1384,,1.854,20.46,17.0,Vĩnh Phúc
2021,17,VatLy,3155,6.8623,,1.4176,26.62,17.0,Vĩnh Phúc
2021,18,HoaHoc,4895,6.7087,,1.7018,29.87,18.0,Bắc Ninh
2021,18,NgoaiNgu,14821,5.8291,,2.0453,20.48,18.0,Bắc Ninh
2021,18,NguVan,17653,6.7166,,1.2793,17.44,18.0,Bắc Ninh
2021,18,SinhHoc,4795,5.362,,1.4546,6.51,18.0,Bắc Ninh
2021,18,Toan,17705,6.6386,,1.644,26.37,18.0,Bắc Ninh
2021,18,VatLy,4888,6.8257,,1.4242,26.06,18.0,Bắc Ninh
2021,19,HoaHoc,6015,6.8322,,1.6596,31.8,19.0,Hải Dương
2021,19,NgoaiNgu,14277,5.9905,,2.2153,25.76,19.0,Hải Dương
2021,19,NguVan,16073,6.5537,,1.4775,19.8,19.0,Hải Dương
2021,19,SinhHoc,5928,5.0667,,1.4359,4.4,19.0,Hải Dương
2021,19,Toan,16224,6.9588,,1.6644,35.31,19.0,Hải Dương
2021,19,VatLy,6015,7.0947,,1.2913,30.39,19.0,Hải Dương
2021,21,HoaHoc,6671,6.7353,,1.6726,29.94,21.0,Hưng Yên
2021,21,NgoaiNgu,18337,5.9691,,2.2039,25.3,21.0,Hưng Yên
2021,21,NguVan,21862,6.614,,1.3468,17.19,21.0,Hưng Yên
2021,21,SinhHoc,6554,5.3605,,1.4192,5.89,21.0,Hưng Yên
2021,21,Toan,22110,6.9194,,1.5763,32.34,21.0,Hưng Yên
2021,21,VatLy,6628,7.005,,1.3354,29.18,21.0,Hưng Yên
2021,22,HoaHoc,3548,6.9003,,1.6829,35.71,22.0,Thái Bình
2021,22,NgoaiNgu,10068,5.6569,,2.1955,21.29,22.0,Thái Bình
2021,22,NguVan,12100,6.0394,,1.4103,8.98,22.0,Thái Bình
2021,22,SinhHoc,3474,5.1485,,1.4983,6.59,22.0,Thái Bình
2021,22,Toan,12146,6.776,,1.6868,30.27,22.0,Thái Bình
2021,22,VatLy,3538,6.9515,,1.4527,30.16,22.0,Thái Bình
2021,23,HoaHoc,1329,6.5113,,1.7515,26.71,23.0,Hà Nam
2021,23,NgoaiNgu,8236,4.3774,,1.9827,9.19,23.0,Hà Nam
2021,23,NguVan,9335,6.0171,,1.5065,10.67,23.0,Hà Nam
2021,23,SinhHoc,1279,5.2035,,1.5748,7.74,23.0,Hà Nam
2021,23,Toan,9323,5.1906,,1.9176,11.39,23.0,Hà Nam
2021,23,VatLy,1325,6.5521,,1.5196,20.38,23.0,Hà Nam
2021,24,HoaHoc,3140,7.029,,1.5254,35.99,24.0,Nam Định
2021,24,NgoaiNgu,8261,5.8749,,2.1572,23.65,24.0,Nam Định
2021,24,NguVan,9482,7.1458,,1.2691,30.47,24.0,Nam Định
2021,24,SinhHoc,3079,5.58,,1.3942,7.02,24.0,Nam Định
2021,24,Toan,9500,7.1093,,1.5044,35.84,24.0,Nam Định
2021,24,VatLy,3135,6.9789,,1.3542,27.91,24.0,Nam Định
2021,25,HoaHoc,10408,7.175,,1.4325,37.8,25.0,Ninh Bình
2021,25,NgoaiNgu,18487,6.4555,,1.9723,28.59,25.0,Ninh Bình
2021,25,NguVan,20522,6.8216,,1.0612,15.48,25.0,Ninh Bình
2021,25,SinhHoc,10251,5.866,,1.2606,6.12,25.0,Ninh Bình
2021,25,Toan,20786,7.4229,,1.3905,45.2,25.0,Ninh Bình
2021,25,VatLy,10411,7.0346,,1.2011,26.45,25.0,Ninh Bình
2021,26,HoaHoc,10163,6.8864,,1.5797,31.77,26.0,Thanh Hóa
2021,26,NgoaiNgu,19493,5.9689,,2.1019,23.94,26.0,Thanh Hóa
2021,26,NguVan,22362,6.4763,,1.3045,13.7,26.0,Thanh Hóa
2021,26,SinhHoc,9998,5.5247,,1.4068,6.31,26.0,Thanh Hóa
2021,26,Toan,22661,7.0584,,1.5681,36.24,26.0,Thanh Hóa
2021,26,VatLy,10125,6.8156,,1.3706,24.18,26.0,Thanh Hóa
2021,27,HoaHoc,3862,7.006,,1.4773,33.71,27.0,Nghệ An
2021,27,NgoaiNgu,9165,6.3594,,1.9106,25.84,27.0,Nghệ An
2021,27,NguVan,10833,6.8175,,1.3454,22.35,27.0,Nghệ An
2021,27,SinhHoc,3765,5.8191,,1.3688,7.12,27.0,Nghệ An
2021,27,Toan,10914,7.0615,,1.5613,36.34,27.0,Nghệ An
2021,27,VatLy,3844,7.0087,,1.3194,29.14,27.0,Nghệ An
2021,28,HoaHoc,10885,6.6595,,1.8252,32.63,28.0,Hà Tĩnh
2021,28,NgoaiNgu,33927,5.1408,,2.2008,16.73,28.0,Hà Tĩnh
2021,28,NguVan,39214,7.0529,,1.4153,32.26,28.0,Hà Tĩnh
2021,28,SinhHoc,10546,5.1969,,1.521,6.17,28.0,Hà Tĩnh
2021,28,Toan,39503,6.277,,1.919,24.98,28.0,Hà Tĩnh
2021,28,VatLy,10852,6.7313,,1.5627,27.24,28.0,Hà Tĩnh
2021,29,HoaHoc,10174,6.6548,,1.7855,30.61,29.0,Quảng Bình
2021,29,NgoaiNgu,31308,4.9736,,2.1525,14.69,29.0,Quảng Bình
2021,29,NguVan,33567,7.0232,,1.3783,29.42,29.0,Quảng Bình
2021,29,SinhHoc,9926,5.1671,,1.5976,7.87,29.0,Quảng Bình
2021,29,Toan,34048,6.4698,,1.8005,26.38,29.0,Quảng Bình
2021,29,VatLy,10122,6.6069,,1.5896,24.79,29.0,Quảng Bình
2021,30,HoaHoc,4373,6.919,,1.6671,34.92,30.0,Quảng Trị
2021,30,NgoaiNgu,15211,5.3596,,2.0301,15.76,30.0,Quảng Trị
2021,30,NguVan,16879,7.0521,,1.2132,26.45,30.0,Quảng Trị
2021,30,SinhHoc,4231,5.3558,,1.6413,9.5,30.0,Quảng Trị
2021,30,Toan,16981,6.6407,,1.6262,26.1,30.0,Quảng Trị
2021,30,VatLy,4359,6.9503,,1.4062,29.46,30.0,Quảng Trị
2021,31,HoaHoc,2230,6.5707,,1.6224,23.59,31.0,Thừa Thiên Huế
2021,31,NgoaiNgu,11092,5.0378,,1.9748,11.88,31.0,Thừa Thiên Huế
2021,31,NguVan,11698,6.162,,1.2734,7.79,31.0,Thừa Thiên Huế
2021,31,SinhHoc,2155,5.3172,,1.5597,7.84,31.0,Thừa Thiên Huế
2021,31,Toan,11684,6.147,,1.6205,15.35,31.0,Thừa Thiên Huế
2021,31,VatLy,2223,6.5235,,1.4297,17.95,31.0,Thừa Thiên Huế
2021,32,HoaHoc,2549,6.6157,,1.6437,25.89,32.0,Đà Nẵng
2021,32,NgoaiNgu,7830,5.1439,,2.147,15.89,32.0,Đà Nẵng
2021,32,NguVan,8318,5.7422,,1.3908,6.46,32.0,Đà Nẵng
2021,32,SinhHoc,2448,5.2662,,1.425,5.43,32.0,Đà Nẵng
2021,32,Toan,8291,6.2728,,1.8211,22.23,32.0,Đà Nẵng
2021,32,VatLy,2547,6.5859,,1.4848,21.16,32.0,Đà Nẵng
2021,33,HoaHoc,4213,7.0001,,1.5688,34.68,33.0,Quảng Nam
2021,33,NgoaiNgu,12350,5.7042,,2.235,22.86,33.0,Quảng Nam
2021,33,NguVan,13011,6.3468,,1.3723,12.68,33.0,Quảng Nam
2021,33,SinhHoc,4138,5.5342,,1.6258,9.98,33.0,Quảng Nam
2021,33,Toan,13077,6.6503,,1.7196,27.83,33.0,Quảng Nam
2021,33,VatLy,4150,6.7336,,1.3631,21.66,33.0,Quảng Nam
2021,34,HoaHoc,5958,6.6363,,1.5259,23.5,34.0,Quảng Ngãi
2021,34,NgoaiNgu,15716,5.3228,,2.0711,15.97,34.0,Quảng Ngãi
2021,34,NguVan,16432,6.0443,,1.3647,8.7,34.0,Quảng Ngãi
2021,34,SinhHoc,5861,5.3272,,1.424,6.5,34.0,Quảng Ngãi
2021,34,Toan,16423,6.5177,,1.6763,23.93,34.0,Quảng Ngãi
2021,34,VatLy,5923,6.6496,,1.3067,17.25,34.0,Quảng Ngãi
2021,35,HoaHoc,4880,6.7536,,1.5028,25.7,35.0,Bình Định
2021,35,NgoaiNgu,10703,5.5045,,2.0597,17.28,35.0,Bình Định
2021,35,NguVan,11669,6.5754,,1.6096,21.9,35.0,Bình Định
2021,35,SinhHoc,4815,5.0312,,1.3951,4.63,35.0,Bình Định
2021,35,Toan,11617,6.5934,,1.7466,26.12,35.0,Bình Định
2021,35,VatLy,4864,6.5981,,1.3124,16.02,35.0,Bình Định
2021,36,HoaHoc,1568,6.599,,1.5658,24.74,36.0,Phú Yên
2021,36,NgoaiNgu,4248,5.3075,,2.1025,16.97,36.0,Phú Yên
2021,36,NguVan,4565,6.076,,1.3242,6.64,36.0,Phú Yên
2021,36,SinhHoc,1550,5.6774,,1.4829,8.58,36.0,Phú Yên
2021,36,Toan,4552,6.3723,,1.6906,22.01,36.0,Phú Yên
2021,36,VatLy,1573,6.6105,,1.2833,15.07,36.0,Phú Yên
2021,37,HoaHoc,5308,6.807,,1.4182,25.96,37.0,Khánh Hòa
2021,37,NgoaiNgu,14755,6.0334,,1.9687,21.69,37.0,Khánh Hòa
2021,37,NguVan,15223,5.8871,,1.2488,3.63,37.0,Khánh Hòa
2021,37,SinhHoc,5243,5.4876,,1.3642,5.28,37.0,Khánh Hòa
2021,37,Toan,15201,6.8069,,1.5245,26.37,37.0,Khánh Hòa
2021,37,VatLy,5306,6.7533,,1.2355,18.34,37.0,Khánh Hòa
2021,38,HoaHoc,4612,6.6083,,1.5619,23.44,38.0,Ninh Thuận
2021,38,NgoaiNgu,12879,5.2586,,2.0975,15.99,38.0,Ninh Thuận
2021,38,NguVan,13672,5.9187,,1.4442,8.45,38.0,Ninh Thuận
2021,38,SinhHoc,4513,5.4794,,1.4614,6.78,38.0,Ninh Thuận
2021,38,Toan,13653,6.2983,,1.7045,19.88,38.0,Ninh Thuận
2021,38,VatLy,4596,6.4931,,1.4166,17.15,38.0,Ninh Thuận
2021,39,HoaHoc,3142,6.5742,,1.5663,23.07,39.0,Bình Thuận
2021,39,NgoaiNgu,8990,5.2657,,2.1816,17.55,39.0,Bình Thuận
2021,39,NguVan,9342,5.6671,,1.2583,2.65,39.0,Bình Thuận
2021,39,SinhHoc,3091,5.3521,,1.4239,5.73,39.0,Bình Thuận
2021,39,Toan,9327,6.4258,,1.6793,21.24,39.0,Bình Thuận
2021,39,VatLy,3141,6.3284,,1.4528,15.03,39.0,Bình Thuận
2021,40,HoaHoc,6795,6.5493,,1.6349,24.4,40.0,Kon Tum
2021,40,NgoaiNgu,18004,5.094,,2.1658,15.41,40.0,Kon Tum
2021,40,NguVan,19342,6.1085,,1.3987,9.61,40.0,Kon Tum
2021,40,SinhHoc,6634,5.2836,,1.4311,5.61,40.0,Kon Tum
2021,40,Toan,19522,6.1718,,1.8552,20.94,40.0,Kon Tum
2021,40,VatLy,6745,6.4218,,1.445,16.28,40.0,Kon Tum
2021,41,HoaHoc,6500,6.3154,,1.6509,19.29,41.0,Gia Lai
2021,41,NgoaiNgu,12004,6.0412,,2.2589,27.74,41.0,Gia Lai
2021,41,NguVan,13666,5.6983,,1.3689,5.11,41.0,Gia Lai
2021,41,SinhHoc,6449,5.338,,1.3395,4.19,41.0,Gia Lai
2021,41,Toan,13732,6.538,,1.7136,24.71,41.0,Gia Lai
2021,41,VatLy,6507,6.2921,,1.4624,13.35,41.0,Gia Lai
2021,42,HoaHoc,5253,6.7907,,1.356,23.28,42.0,Đắk Lắk
2021,42,NgoaiNgu,13319,6.1993,,1.9997,25.24,42.0,Đắk Lắk
2021,42,NguVan,13917,6.6776,,1.055,12.02,42.0,Đắk Lắk
2021,42,SinhHoc,5148,5.9127,,1.3608,7.98,42.0,Đắk Lắk
2021,42,Toan,13995,6.8096,,1.3889,23.97,42.0,Đắk Lắk
2021,42,VatLy,5247,6.6365,,1.2003,14.62,42.0,Đắk Lắk
2021,43,HoaHoc,4733,6.3559,,1.6113,19.02,43.0,Đắk Nông
2021,43,NgoaiNgu,9443,5.5949,,2.039,17.83,43.0,Đắk Nông
2021,43,NguVan,10198,5.9813,,1.307,6.87,43.0,Đắk Nông
2021,43,SinhHoc,4655,5.4814,,1.3944,5.69,43.0,Đắk Nông
2021,43,Toan,10210,6.6083,,1.586,23.57,43.0,Đắk Nông
2021,43,VatLy,4736,6.3236,,1.3745,13.32,43.0,Đắk Nông
2021,44,HoaHoc,5830,7.0496,,1.2572,27.26,44.0,Lâm Đồng
2021,44,NgoaiNgu,10628,7.1064,,1.7693,39.92,44.0,Lâm Đồng
2021,44,NguVan,12763,6.8033,,0.9799,12.51,44.0,Lâm Đồng
2021,44,SinhHoc,5720,6.2827,,1.1951,9.02,44.0,Lâm Đồng
2021,44,Toan,12890,7.1318,,1.2615,29.49,44.0,Lâm Đồng
2021,44,VatLy,5849,6.7891,,1.1732,17.66,44.0,Lâm Đồng
2021,45,HoaHoc,1842,6.5134,,1.5677,21.99,45.0,Bình Phước
2021,45,NgoaiNgu,5475,5.3084,,2.143,16.51,45.0,Bình Phước
2021,45,NguVan,5867,6.1685,,1.2216,7.33,45.0,Bình Phước
2021,45,SinhHoc,1822,5.3843,,1.3656,4.72,45.0,Bình Phước
2021,45,Toan,5890,6.2048,,1.7112,17.89,45.0,Bình Phước
2021,45,VatLy,1831,6.3203,,1.379,12.29,45.0,Bình Phước
2021,46,HoaHoc,4400,6.4869,,1.4779,18.16,46.0,Tây Ninh
2021,46,NgoaiNgu,8895,5.5144,,2.0201,16.37,46.0,Tây Ninh
2021,46,NguVan,9511,6.901,,1.1207,18.44,46.0,Tây Ninh
2021,46,SinhHoc,4352,5.68,,1.2896,4.66,46.0,Tây Ninh
2021,46,Toan,9501,6.6578,,1.4295,20.58,46.0,Tây Ninh
2021,46,VatLy,4399,6.3701,,1.2921,11.62,46.0,Tây Ninh
2021,47,HoaHoc,3855,6.6855,,1.4588,22.65,47.0,Bình Dương
2021,47,NgoaiNgu,11215,5.9672,,1.9754,21.2,47.0,Bình Dương
2021,47,NguVan,11834,6.4616,,1.1309,9.23,47.0,Bình Dương
2021,47,SinhHoc,3793,5.7887,,1.3265,6.75,47.0,Bình Dương
2021,47,Toan,11811,6.5909,,1.4773,20.02,47.0,Bình Dương
2021,47,VatLy,3827,6.5959,,1.2257,14.42,47.0,Bình Dương
2021,48,HoaHoc,11166,6.6026,,1.456,20.35,48.0,Đồng Nai
2021,48,NgoaiNgu,24681,6.1436,,2.1313,27.25,48.0,Đồng Nai
2021,48,NguVan,29972,5.9062,,1.3284,5.49,48.0,Đồng Nai
2021,48,SinhHoc,11067,5.411,,1.3082,4.26,48.0,Đồng Nai
2021,48,Toan,30101,6.5249,,1.6001,20.71,48.0,Đồng Nai
2021,48,VatLy,11160,6.4609,,1.2525,12.89,48.0,Đồng Nai
2021,49,HoaHoc,8209,6.631,,1.3747,18.71,49.0,Bà Rịa - Vũng Tàu
2021,49,NgoaiNgu,14523,5.7786,,1.9014,17.39,49.0,Bà Rịa - Vũng Tàu
2021,49,NguVan,16175,6.6528,,1.2331,15.7,49.0,Bà Rịa - Vũng Tàu
2021,49,SinhHoc,8144,5.6328,,1.2795,4.49,49.0,Bà Rịa - Vũng Tàu
2021,49,Toan,16203,6.62,,1.41,18.98,49.0,Bà Rịa - Vũng Tàu
2021,49,VatLy,8196,6.1189,,1.2874,7.76,49.0,Bà Rịa - Vũng Tàu
2021,50,HoaHoc,4103,6.6744,,1.4012,20.89,50.0,TP. Hồ Chí Minh
2021,50,NgoaiNgu,9571,5.5825,,1.8912,14.63,50.0,TP. Hồ Chí Minh
2021,50,NguVan,10378,6.7968,,1.0784,15.69,50.0,TP. Hồ Chí Minh
2021,50,SinhHoc,4062,5.8619,,1.4008,8.22,50.0,TP. Hồ Chí Minh
2021,50,Toan,10397,6.4987,,1.4755,17.74,50.0,TP. Hồ Chí Minh
2021,50,VatLy,4068,6.2081,,1.3502,10.5,50.0,TP. Hồ Chí Minh
2021,51,HoaHoc,4545,6.8089,,1.3529,23.04,51.0,Long An
2021,51,NgoaiNgu,11133,6.2838,,1.7998,22.68,51.0,Long An
2021,51,NguVan,11977,7.0648,,1.1498,26.69,51.0,Long An
2021,51,SinhHoc,4517,6.1675,,1.3568,11.25,51.0,Long An
2021,51,Toan,11876,6.8354,,1.314,22.21,51.0,Long An
2021,51,VatLy,4519,6.6182,,1.1951,14.8,51.0,Long An
2021,52,HoaHoc,6981,6.4006,,1.4933,17.06,52.0,Tiền Giang
2021,52,NgoaiNgu,11483,6.7356,,2.0572,36.97,52.0,Tiền Giang
2021,52,NguVan,12789,6.6385,,1.1897,13.14,52.0,Tiền Giang
2021,52,SinhHoc,6918,5.369,,1.2548,3.41,52.0,Tiền Giang
2021,52,Toan,12856,6.9476,,1.4002,27.51,52.0,Tiền Giang
2021,52,VatLy,6998,6.2613,,1.3246,11.23,52.0,Tiền Giang
2021,53,HoaHoc,8808,6.6487,,1.4269,20.71,53.0,Bến Tre
2021,53,NgoaiNgu,15071,6.0232,,2.0112,22.84,53.0,Bến Tre
2021,53,NguVan,15979,6.971,,1.3082,26.92,53.0,Bến Tre
2021,53,SinhHoc,8753,5.7401,,1.3023,5.85,53.0,Bến Tre
2021,53,Toan,16028,6.9351,,1.3258,25.48,53.0,Bến Tre
2021,53,VatLy,8774,6.4296,,1.2887,12.79,53.0,Bến Tre
2021,54,HoaHoc,4292,6.305,,1.5456,16.17,54.0,Trà Vinh
2021,54,NgoaiNgu,11974,5.3188,,1.914,13.22,54.0,Trà Vinh
2021,54,NguVan,13476,6.3236,,1.2085,8.79,54.0,Trà Vinh
2021,54,SinhHoc,4235,5.841,,1.377,7.41,54.0,Trà Vinh
2021,54,Toan,13385,6.1805,,1.5736,14.17,54.0,Trà Vinh
2021,54,VatLy,4223,6.0601,,1.3293,7.13,54.0,Trà Vinh
2021,55,HoaHoc,4774,6.8767,,1.5534,30.58,55.0,Vĩnh Long
2021,55,NgoaiNgu,10369,5.8239,,2.1309,22.22,55.0,Vĩnh Long
2021,55,NguVan,11527,6.7547,,1.1958,17.38,55.0,Vĩnh Long
2021,55,SinhHoc,4673,6.1587,,1.5775,16.37,55.0,Vĩnh Long
2021,55,Toan,11876,6.6077,,1.5904,23.88,55.0,Vĩnh Long
2021,55,VatLy,4448,6.4232,,1.3771,14.16,55.0,Vĩnh Long
2021,56,HoaHoc,4837,6.8542,,1.2876,21.71,56.0,Đồng Tháp
2021,56,NgoaiNgu,11518,5.6566,,1.9416,16.75,56.0,Đồng Tháp
2021,56,NguVan,13007,6.2807,,1.1754,8.44,56.0,Đồng Tháp
2021,56,SinhHoc,4786,6.136,,1.274,8.69,56.0,Đồng Tháp
2021,56,Toan,12994,6.6697,,1.3725,19.69,56.0,Đồng Tháp
2021,56,VatLy,4781,6.5332,,1.1798,12.22,56.0,Đồng Tháp
2021,57,HoaHoc,3799,6.8852,,1.3286,24.66,57.0,An Giang
2021,57,NgoaiNgu,9888,5.9922,,1.7739,17.83,57.0,An Giang
2021,57,NguVan,11190,5.9928,,1.0785,2.14,57.0,An Giang
2021,57,SinhHoc,3769,6.5014,,1.2364,13.03,57.0,An Giang
2021,57,Toan,11207,6.6566,,1.391,19.35,57.0,An Giang
2021,57,VatLy,3759,6.7024,,1.1677,15.64,57.0,An Giang
2021,58,HoaHoc,2368,6.5441,,1.4771,19.0,58.0,Kiên Giang
2021,58,NgoaiNgu,8011,4.8649,,1.8724,9.14,58.0,Kiên Giang
2021,58,NguVan,8694,6.1541,,1.302,7.94,58.0,Kiên Giang
2021,58,SinhHoc,2342,5.9842,,1.3765,9.35,58.0,Kiên Giang
2021,58,Toan,8651,5.9627,,1.5825,11.13,58.0,Kiên Giang
2021,58,VatLy,2338,6.0759,,1.3111,7.23,58.0,Kiên Giang
2021,59,HoaHoc,3016,6.2926,,1.5439,16.11,59.0,Cần Thơ
2021,59,NgoaiNgu,8848,5.0536,,1.9134,10.73,59.0,Cần Thơ
2021,59,NguVan,9488,7.0286,,1.1286,23.64,59.0,Cần Thơ
2021,59,SinhHoc,2988,5.6454,,1.3974,6.69,59.0,Cần Thơ
2021,59,Toan,9386,6.075,,1.5962,13.86,59.0,Cần Thơ
2021,59,VatLy,2962,6.1529,,1.3345,8.58,59.0,Cần Thơ
2021,60,HoaHoc,2386,6.7013,,1.438,22.13,60.0,Hậu Giang
2021,60,NgoaiNgu,5697,5.8506,,1.7823,15.71,60.0,Hậu Giang
2021,60,NguVan,6208,6.8521,,0.9933,14.59,60.0,Hậu Giang
2021,60,SinhHoc,2347,6.0673,,1.3434,9.46,60.0,Hậu Giang
2021,60,Toan,6115,6.7996,,1.3431,21.7,60.0,Hậu Giang
2021,60,VatLy,2341,6.5316,,1.2648,14.27,60.0,Hậu Giang
2021,61,HoaHoc,4670,6.1954,,1.6219,16.04,61.0,Sóc Trăng
2021,61,NgoaiNgu,10520,5.1651,,1.8566,10.55,61.0,Sóc Trăng
2021,61,NguVan,10769,6.4174,,1.1951,10.39,61.0,Sóc Trăng
2021,61,SinhHoc,4629,5.7402,,1.396,7.24,61.0,Sóc Trăng
2021,61,Toan,10749,6.3091,,1.544,15.95,61.0,Sóc Trăng
2021,61,VatLy,4629,6.0082,,1.3958,8.21,61.0,Sóc Trăng
2021,62,HoaHoc,840,6.7304,,1.6211,28.45,62.0,Bạc Liêu
2021,62,NgoaiNgu,5264,4.4855,,1.6821,6.5,62.0,Bạc Liêu
2021,62,NguVan,6158,6.405,,1.3492,13.27,62.0,Bạc Liêu
2021,62,SinhHoc,789,5.6987,,1.4862,8.37,62.0,Bạc Liêu
2021,62,Toan,5881,5.5672,,1.6555,9.68,62.0,Bạc Liêu
2021,62,VatLy,827,6.136,,1.5172,13.18,62.0,Bạc Liêu
2021,63,HoaHoc,2389,6.3575,,1.5889,18.04,63.0,Cà Mau
2021,63,NgoaiNgu,6266,4.7693,,1.9694,10.29,63.0,Cà Mau
2021,63,NguVan,6565,5.5084,,1.2607,2.54,63.0,Cà Mau
2021,63,SinhHoc,2342,5.2796,,1.3428,4.27,63.0,Cà Mau
2021,63,Toan,6543,6.1742,,1.6986,17.09,63.0,Cà Mau
2021,63,VatLy,2388,6.1712,,1.4243,11.35,63.0,Cà Mau
2021,64,HoaHoc,2297,6.5431,,1.4985,19.68,,
2021,64,NgoaiNgu,6342,4.5907,,1.815,7.33,,
2021,64,NguVan,6691,6.2763,,1.1538,8.28,,
2021,64,SinhHoc,2251,5.7417,,1.3957,7.6,,
2021,64,Toan,6703,6.0411,,1.5665,12.05,,
2021,64,VatLy,2267,6.123,,1.346,8.91,,
2022,1,HoaHoc,26168,6.3106,,1.9266,27.82,1.0,Hà Nội
2022,1,NgoaiNgu,81920,5.8317,,2.2654,24.8,1.0,Hà Nội
2022,1,NguVan,95567,6.6532,,1.4287,22.42,1.0,Hà Nội
2022,1,SinhHoc,25693,4.6415,,1.4136,3.53,1.0,Hà Nội
2022,1,Toan,95768,6.7658,,1.7036,30.31,1.0,Hà Nội
2022,1,VatLy,26133,6.8413,,1.6175,30.43,1.0,Hà Nội
2022,2,HoaHoc,47181,6.592,,1.4968,22.38,2.0,Hà Giang
2022,2,NgoaiNgu,73249,6.3964,,1.8911,26.55,2.0,Hà Giang
2022,2,NguVan,83072,6.3406,,1.0422,5.42,2.0,Hà Giang
2022,2,SinhHoc,46801,4.9874,,1.4327,4.61,2.0,Hà Giang
2022,2,Toan,84094,7.0571,,1.2469,27.26,2.0,Hà Giang
2022,2,VatLy,46751,6.4681,,1.3531,15.04,2.0,Hà Giang
2022,3,HoaHoc,7449,6.8453,,1.5749,31.68,3.0,Cao Bằng
2022,3,NgoaiNgu,19835,5.7761,,2.0201,19.73,3.0,Cao Bằng
2022,3,NguVan,22088,7.688,,1.2943,54.75,3.0,Cao Bằng
2022,3,SinhHoc,7336,5.174,,1.4168,4.24,3.0,Cao Bằng
2022,3,Toan,22307,6.9162,,1.5745,31.18,3.0,Cao Bằng
2022,3,VatLy,7467,7.0774,,1.3791,31.57,3.0,Cao Bằng
2022,4,HoaHoc,5341,6.4938,,1.7712,27.79,4.0,Bắc Kạn
2022,4,NgoaiNgu,11004,5.7541,,2.0709,19.36,4.0,Bắc Kạn
2022,4,NguVan,12320,5.8226,,1.4004,7.73,4.0,Bắc Kạn
2022,4,SinhHoc,5271,4.6024,,1.5225,5.44,4.0,Bắc Kạn
2022,4,Toan,12433,6.7496,,1.6404,27.02,4.0,Bắc Kạn
2022,4,VatLy,5312,6.6146,,1.5159,22.52,4.0,Bắc Kạn
2022,5,HoaHoc,499,6.5025,,1.605,24.45,5.0,Tuyên Quang
2022,5,NgoaiNgu,5222,3.7898,,1.6229,3.58,5.0,Tuyên Quang
2022,5,NguVan,5808,5.2531,,1.5319,4.65,5.0,Tuyên Quang
2022,5,SinhHoc,479,4.9671,,1.4787,4.18,5.0,Tuyên Quang
2022,5,Toan,5723,4.6968,,1.827,6.33,5.0,Tuyên Quang
2022,5,VatLy,492,6.534,,1.5944,22.76,5.0,Tuyên Quang
2022,6,HoaHoc,525,6.9624,,1.4175,31.43,6.0,Lào Cai
2022,6,NgoaiNgu,4297,4.2015,,1.7398,5.0,6.0,Lào Cai
2022,6,NguVan,4945,5.7354,,1.5098,8.7,6.0,Lào Cai
2022,6,SinhHoc,479,5.1868,,1.44,4.18,6.0,Lào Cai
2022,6,Toan,4757,5.1731,,1.8543,8.09,6.0,Lào Cai
2022,6,VatLy,523,6.739,,1.3485,20.65,6.0,Lào Cai
2022,7,HoaHoc,602,6.4693,,1.5236,20.27,7.0,Điện Biên
2022,7,NgoaiNgu,3167,4.2674,,1.3127,3.09,7.0,Điện Biên
2022,7,NguVan,3624,5.0397,,1.2287,1.08,7.0,Điện Biên
2022,7,SinhHoc,577,5.162,,1.4118,4.33,7.0,Điện Biên
2022,7,Toan,3547,5.8156,,1.5217,8.15,7.0,Điện Biên
2022,7,VatLy,598,6.4891,,1.4431,15.72,7.0,Điện Biên
2022,8,HoaHoc,1238,6.9455,,1.4934,32.47,8.0,Lai Châu
2022,8,NgoaiNgu,6350,4.7276,,1.6672,7.13,8.0,Lai Châu
2022,8,NguVan,7150,6.537,,1.2053,13.93,8.0,Lai Châu
2022,8,SinhHoc,1216,5.6373,,1.399,6.74,8.0,Lai Châu
2022,8,Toan,7077,6.2278,,1.5721,15.19,8.0,Lai Châu
2022,8,VatLy,1231,6.9892,,1.3148,27.21,8.0,Lai Châu
2022,9,HoaHoc,1053,7.3974,,1.2442,41.88,9.0,Sơn La
2022,9,NgoaiNgu,7768,4.6623,,1.6364,5.91,9.0,Sơn La
2022,9,NguVan,8338,6.3665,,1.2249,9.94,9.0,Sơn La
2022,9,SinhHoc,1017,5.9796,,1.4167,9.05,9.0,Sơn La
2022,9,Toan,8237,5.7901,,1.6261,10.2,9.0,Sơn La
2022,9,VatLy,1040,6.9697,,1.3193,24.81,9.0,Sơn La
2022,10,HoaHoc,1235,6.6117,,1.57,24.05,10.0,Yên Bái
2022,10,NgoaiNgu,7566,4.4288,,1.7493,6.04,10.0,Yên Bái
2022,10,NguVan,9458,5.8966,,1.5633,9.6,10.0,Yên Bái
2022,10,SinhHoc,1154,5.2996,,1.4841,6.15,10.0,Yên Bái
2022,10,Toan,9343,5.5302,,1.741,9.54,10.0,Yên Bái
2022,10,VatLy,1227,6.6373,,1.4826,22.25,10.0,Yên Bái
2022,11,HoaHoc,274,6.4398,,1.6045,20.44,11.0,Hòa Bình
2022,11,NgoaiNgu,2509,4.2053,,1.6557,4.42,11.0,Hòa Bình
2022,11,NguVan,3022,6.2704,,1.4288,13.77,11.0,Hòa Bình
2022,11,SinhHoc,256,5.5088,,1.4306,5.47,11.0,Hòa Bình
2022,11,Toan,2888,5.5515,,1.667,8.0,11.0,Hòa Bình
2022,11,VatLy,275,6.5364,,1.3692,17.09,11.0,Hòa Bình
2022,12,HoaHoc,3261,6.9118,,1.5673,33.03,12.0,Thái Nguyên
2022,12,NgoaiNgu,12340,4.7188,,1.8431,8.05,12.0,Thái Nguyên
2022,12,NguVan,14901,6.5312,,1.3482,16.93,12.0,Thái Nguyên
2022,12,SinhHoc,3198,4.8922,,1.5344,5.88,12.0,Thái Nguyên
2022,12,Toan,14809,5.922,,1.8899,17.21,12.0,Thái Nguyên
2022,12,VatLy,3229,6.6213,,1.4816,20.69,12.0,Thái Nguyên
2022,13,HoaHoc,869,7.1421,,1.4303,34.64,13.0,Lạng Sơn
2022,13,NgoaiNgu,6636,4.9496,,1.7116,8.17,13.0,Lạng Sơn
2022,13,NguVan,7991,6.1888,,1.4125,12.85,13.0,Lạng Sơn
2022,13,SinhHoc,849,5.5398,,1.5769,8.95,13.0,Lạng Sơn
2022,13,Toan,7849,5.6219,,1.7706,11.76,13.0,Lạng Sơn
2022,13,VatLy,863,6.8778,,1.4315,27.0,13.0,Lạng Sơn
2022,14,HoaHoc,993,6.9841,,1.4682,32.43,14.0,Quảng Ninh
2022,14,NgoaiNgu,9528,4.0302,,1.4504,3.06,14.0,Quảng Ninh
2022,14,NguVan,11218,5.7953,,1.2049,4.08,14.0,Quảng Ninh
2022,14,SinhHoc,946,5.5119,,1.5181,9.09,14.0,Quảng Ninh
2022,14,Toan,10830,5.2874,,1.6389,6.82,14.0,Quảng Ninh
2022,14,VatLy,976,6.8589,,1.3718,25.0,14.0,Quảng Ninh
2022,15,HoaHoc,3043,7.1017,,1.6324,41.01,15.0,Bắc Giang
2022,15,NgoaiNgu,13284,5.0641,,1.7422,9.08,15.0,Bắc Giang
2022,15,NguVan,15653,6.9626,,1.2318,25.76,15.0,Bắc Giang
2022,15,SinhHoc,2991,5.3139,,1.5621,7.89,15.0,Bắc Giang
2022,15,Toan,15628,6.4464,,1.5728,20.45,15.0,Bắc Giang
2022,15,VatLy,3023,7.1457,,1.4393,34.93,15.0,Bắc Giang
2022,16,HoaHoc,4089,7.095,,1.5563,38.32,16.0,Phú Thọ
2022,16,NgoaiNgu,10396,5.6549,,1.7941,14.76,16.0,Phú Thọ
2022,16,NguVan,13691,7.4367,,1.1161,39.73,16.0,Phú Thọ
2022,16,SinhHoc,4005,5.5423,,1.3945,6.24,16.0,Phú Thọ
2022,16,Toan,13724,6.9199,,1.5631,31.38,16.0,Phú Thọ
2022,16,VatLy,4083,7.3913,,1.2451,39.04,16.0,Phú Thọ
2022,17,HoaHoc,2676,6.519,,1.7636,28.33,17.0,Vĩnh Phúc
2022,17,NgoaiNgu,12662,5.2337,,2.0032,13.35,17.0,Vĩnh Phúc
2022,17,NguVan,15453,6.2348,,1.575,15.91,17.0,Vĩnh Phúc
2022,17,SinhHoc,2618,4.932,,1.4992,4.81,17.0,Vĩnh Phúc
2022,17,Toan,15451,5.9337,,1.8843,16.7,17.0,Vĩnh Phúc
2022,17,VatLy,2673,6.9688,,1.5045,30.42,17.0,Vĩnh Phúc
2022,18,HoaHoc,4979,6.9164,,1.6049,34.22,18.0,Bắc Ninh
2022,18,NgoaiNgu,17270,5.0729,,1.7403,8.71,18.0,Bắc Ninh
2022,18,NguVan,20314,6.8218,,1.2653,21.77,18.0,Bắc Ninh
2022,18,SinhHoc,4885,5.1852,,1.4457,5.06,18.0,Bắc Ninh
2022,18,Toan,20391,6.4693,,1.6514,21.66,18.0,Bắc Ninh
2022,18,VatLy,4961,7.0425,,1.4109,31.14,18.0,Bắc Ninh
2022,19,HoaHoc,5496,7.2358,,1.4637,40.36,19.0,Hải Dương
2022,19,NgoaiNgu,13643,5.4292,,1.8967,13.38,19.0,Hải Dương
2022,19,NguVan,15658,7.0843,,1.4486,34.2,19.0,Hải Dương
2022,19,SinhHoc,5417,4.8953,,1.3862,3.67,19.0,Hải Dương
2022,19,Toan,15758,6.8753,,1.5835,31.09,19.0,Hải Dương
2022,19,VatLy,5493,7.504,,1.1538,41.02,19.0,Hải Dương
2022,21,HoaHoc,6023,6.8414,,1.6553,34.02,21.0,Hưng Yên
2022,21,NgoaiNgu,17045,5.174,,1.9622,12.16,21.0,Hưng Yên
2022,21,NguVan,20164,6.8259,,1.356,23.3,21.0,Hưng Yên
2022,21,SinhHoc,5929,4.888,,1.4012,3.98,21.0,Hưng Yên
2022,21,Toan,20328,6.7051,,1.6471,27.2,21.0,Hưng Yên
2022,21,VatLy,6008,7.0926,,1.414,32.84,21.0,Hưng Yên
2022,22,HoaHoc,4000,6.9151,,1.6484,35.0,22.0,Thái Bình
2022,22,NgoaiNgu,11328,4.9796,,1.9243,10.41,22.0,Thái Bình
2022,22,NguVan,13632,5.7593,,1.4395,6.73,22.0,Thái Bình
2022,22,SinhHoc,3920,4.6042,,1.4317,3.93,22.0,Thái Bình
2022,22,Toan,13734,6.6268,,1.6883,25.83,22.0,Thái Bình
2022,22,VatLy,3994,6.8998,,1.5354,29.29,22.0,Thái Bình
2022,23,HoaHoc,1253,7.0577,,1.5451,37.67,23.0,Hà Nam
2022,23,NgoaiNgu,8344,4.247,,1.6425,4.64,23.0,Hà Nam
2022,23,NguVan,9489,6.8858,,1.3326,25.41,23.0,Hà Nam
2022,23,SinhHoc,1207,5.144,,1.5154,6.79,23.0,Hà Nam
2022,23,Toan,9430,5.342,,1.8397,10.82,23.0,Hà Nam
2022,23,VatLy,1242,6.9569,,1.4362,29.55,23.0,Hà Nam
2022,24,HoaHoc,2846,7.0892,,1.4784,36.51,24.0,Nam Định
2022,24,NgoaiNgu,7837,5.1184,,1.885,10.91,24.0,Nam Định
2022,24,NguVan,9035,7.3626,,1.2607,39.77,24.0,Nam Định
2022,24,SinhHoc,2783,5.0985,,1.4479,5.28,24.0,Nam Định
2022,24,Toan,9053,6.9814,,1.4923,31.15,24.0,Nam Định
2022,24,VatLy,2833,7.1202,,1.4422,34.8,24.0,Nam Định
2022,25,HoaHoc,9904,7.3347,,1.3624,42.72,25.0,Ninh Bình
2022,25,NgoaiNgu,17436,5.6135,,1.7799,13.35,25.0,Ninh Bình
2022,25,NguVan,19401,7.2144,,1.0535,28.18,25.0,Ninh Bình
2022,25,SinhHoc,9744,5.5079,,1.3751,5.79,25.0,Ninh Bình
2022,25,Toan,19667,7.4022,,1.249,41.4,25.0,Ninh Bình
2022,25,VatLy,9880,7.2363,,1.3002,35.37,25.0,Ninh Bình
2022,26,HoaHoc,8478,7.0415,,1.5628,36.62,26.0,Thanh Hóa
2022,26,NgoaiNgu,17432,5.1508,,1.8651,10.55,26.0,Thanh Hóa
2022,26,NguVan,19658,6.3923,,1.3004,11.97,26.0,Thanh Hóa
2022,26,SinhHoc,8308,5.1981,,1.4493,5.43,26.0,Thanh Hóa
2022,26,Toan,20002,6.9973,,1.4982,32.59,26.0,Thanh Hóa
2022,26,VatLy,8419,6.9325,,1.5116,30.28,26.0,Thanh Hóa
2022,27,HoaHoc,3335,7.3403,,1.3588,42.04,27.0,Nghệ An
2022,27,NgoaiNgu,8990,5.4594,,1.6951,11.45,27.0,Nghệ An
2022,27,NguVan,10324,7.3572,,1.2414,39.97,27.0,Nghệ An
2022,27,SinhHoc,3257,5.4505,,1.3883,5.77,27.0,Nghệ An
2022,27,Toan,10374,6.9995,,1.4583,31.52,27.0,Nghệ An
2022,27,VatLy,3320,7.4279,,1.2326,40.0,27.0,Nghệ An
2022,28,HoaHoc,9364,6.7475,,1.79,33.51,28.0,Hà Tĩnh
2022,28,NgoaiNgu,32394,4.5121,,1.9094,8.23,28.0,Hà Tĩnh
2022,28,NguVan,36858,7.182,,1.3323,35.0,28.0,Hà Tĩnh
2022,28,SinhHoc,9119,4.7631,,1.4884,4.84,28.0,Hà Tĩnh
2022,28,Toan,36932,6.0803,,1.9392,21.14,28.0,Hà Tĩnh
2022,28,VatLy,9332,6.9903,,1.579,34.16,28.0,Hà Tĩnh
2022,29,HoaHoc,10297,7.0878,,1.5891,38.59,29.0,Quảng Bình
2022,29,NgoaiNgu,32586,4.5574,,1.8375,7.67,29.0,Quảng Bình
2022,29,NguVan,35854,7.2085,,1.2748,33.58,29.0,Quảng Bình
2022,29,SinhHoc,10085,4.9489,,1.5223,5.66,29.0,Quảng Bình
2022,29,Toan,36240,6.319,,1.7725,21.8,29.0,Quảng Bình
2022,29,VatLy,10219,6.9417,,1.5415,31.4,29.0,Quảng Bình
2022,30,HoaHoc,4169,7.2264,,1.5275,43.06,30.0,Quảng Trị
2022,30,NgoaiNgu,14462,4.9872,,1.7096,8.51,30.0,Quảng Trị
2022,30,NguVan,17018,7.3409,,1.1728,35.43,30.0,Quảng Trị
2022,30,SinhHoc,4051,5.05,,1.4833,6.07,30.0,Quảng Trị
2022,30,Toan,17122,6.548,,1.5847,22.01,30.0,Quảng Trị
2022,30,VatLy,4140,7.2908,,1.4151,38.55,30.0,Quảng Trị
2022,31,HoaHoc,2031,6.9193,,1.4663,30.92,31.0,Thừa Thiên Huế
2022,31,NgoaiNgu,10388,4.6235,,1.7013,5.91,31.0,Thừa Thiên Huế
2022,31,NguVan,10962,6.0962,,1.2583,7.13,31.0,Thừa Thiên Huế
2022,31,SinhHoc,1966,4.9278,,1.4614,4.32,31.0,Thừa Thiên Huế
2022,31,Toan,10962,5.9306,,1.6811,12.82,31.0,Thừa Thiên Huế
2022,31,VatLy,2033,6.7585,,1.4255,21.69,31.0,Thừa Thiên Huế
2022,32,HoaHoc,2594,6.8171,,1.621,32.23,32.0,Đà Nẵng
2022,32,NgoaiNgu,7943,4.5215,,1.9091,8.26,32.0,Đà Nẵng
2022,32,NguVan,8448,5.6029,,1.4365,5.93,32.0,Đà Nẵng
2022,32,SinhHoc,2506,4.719,,1.4211,3.79,32.0,Đà Nẵng
2022,32,Toan,8462,6.2001,,1.8282,20.31,32.0,Đà Nẵng
2022,32,VatLy,2586,6.8412,,1.4627,26.76,32.0,Đà Nẵng
2022,33,HoaHoc,4133,7.0456,,1.5901,37.87,33.0,Quảng Nam
2022,33,NgoaiNgu,12340,4.8989,,1.9908,10.52,33.0,Quảng Nam
2022,33,NguVan,13084,6.4485,,1.3177,14.04,33.0,Quảng Nam
2022,33,SinhHoc,4070,4.888,,1.5311,6.31,33.0,Quảng Nam
2022,33,Toan,13129,6.4913,,1.7393,24.03,33.0,Quảng Nam
2022,33,VatLy,4074,6.9162,,1.4534,28.28,33.0,Quảng Nam
2022,34,HoaHoc,5670,6.9688,,1.4176,30.99,34.0,Quảng Ngãi
2022,34,NgoaiNgu,15860,4.724,,1.7557,6.6,34.0,Quảng Ngãi
2022,34,NguVan,16552,5.9756,,1.2697,6.69,34.0,Quảng Ngãi
2022,34,SinhHoc,5603,5.0452,,1.392,4.96,34.0,Quảng Ngãi
2022,34,Toan,16504,6.355,,1.7158,20.96,34.0,Quảng Ngãi
2022,34,VatLy,5626,7.0057,,1.2571,25.99,34.0,Quảng Ngãi
2022,35,HoaHoc,4772,6.9447,,1.4409,31.16,35.0,Bình Định
2022,35,NgoaiNgu,11952,5.0575,,1.7768,8.42,35.0,Bình Định
2022,35,NguVan,13167,6.5324,,1.5107,19.62,35.0,Bình Định
2022,35,SinhHoc,4715,4.587,,1.3125,2.74,35.0,Bình Định
2022,35,Toan,13144,6.3818,,1.724,20.63,35.0,Bình Định
2022,35,VatLy,4770,6.9039,,1.318,24.47,35.0,Bình Định
2022,36,HoaHoc,1573,6.8079,,1.4892,29.18,36.0,Phú Yên
2022,36,NgoaiNgu,4340,4.5795,,1.8222,7.3,36.0,Phú Yên
2022,36,NguVan,4655,5.3732,,1.4597,4.12,36.0,Phú Yên
2022,36,SinhHoc,1532,5.1057,,1.4488,4.83,36.0,Phú Yên
2022,36,Toan,4640,6.2959,,1.6617,18.99,36.0,Phú Yên
2022,36,VatLy,1582,6.8485,,1.3223,23.32,36.0,Phú Yên
2022,37,HoaHoc,6077,7.0441,,1.3898,32.5,37.0,Khánh Hòa
2022,37,NgoaiNgu,17578,5.3103,,1.7207,9.05,37.0,Khánh Hòa
2022,37,NguVan,18312,6.1976,,1.2324,7.45,37.0,Khánh Hòa
2022,37,SinhHoc,5998,5.1284,,1.36,4.17,37.0,Khánh Hòa
2022,37,Toan,18346,6.6291,,1.5478,22.27,37.0,Khánh Hòa
2022,37,VatLy,6065,7.0467,,1.2125,26.38,37.0,Khánh Hòa
2022,38,HoaHoc,4467,6.8274,,1.5109,28.83,38.0,Ninh Thuận
2022,38,NgoaiNgu,13104,4.5723,,1.7864,6.75,38.0,Ninh Thuận
2022,38,NguVan,13838,6.0193,,1.4374,10.51,38.0,Ninh Thuận
2022,38,SinhHoc,4365,5.0104,,1.4197,4.22,38.0,Ninh Thuận
2022,38,Toan,13828,6.0453,,1.7454,16.14,38.0,Ninh Thuận
2022,38,VatLy,4437,6.7281,,1.4264,22.27,38.0,Ninh Thuận
2022,39,HoaHoc,3290,6.6041,,1.5968,25.05,39.0,Bình Thuận
2022,39,NgoaiNgu,10275,4.6382,,1.8642,7.5,39.0,Bình Thuận
2022,39,NguVan,10755,5.5682,,1.2733,3.15,39.0,Bình Thuận
2022,39,SinhHoc,3236,4.6923,,1.369,3.43,39.0,Bình Thuận
2022,39,Toan,10734,6.2239,,1.7307,18.05,39.0,Bình Thuận
2022,39,VatLy,3285,6.5107,,1.4877,18.69,39.0,Bình Thuận
2022,40,HoaHoc,6414,6.3443,,1.7562,23.59,40.0,Kon Tum
2022,40,NgoaiNgu,18532,4.4109,,1.8701,6.93,40.0,Kon Tum
2022,40,NguVan,20015,5.9998,,1.3728,8.37,40.0,Kon Tum
2022,40,SinhHoc,6271,4.6355,,1.4354,3.59,40.0,Kon Tum
2022,40,Toan,20122,5.8628,,1.9138,16.61,40.0,Kon Tum
2022,40,VatLy,6394,6.3185,,1.6288,18.42,40.0,Kon Tum
2022,41,HoaHoc,6052,6.3731,,1.6475,22.08,41.0,Gia Lai
2022,41,NgoaiNgu,11905,5.272,,2.0045,13.2,41.0,Gia Lai
2022,41,NguVan,13844,6.0327,,1.3525,7.22,41.0,Gia Lai
2022,41,SinhHoc,5978,4.7478,,1.3467,2.59,41.0,Gia Lai
2022,41,Toan,13928,6.4235,,1.6829,20.69,41.0,Gia Lai
2022,41,VatLy,6063,6.5296,,1.4501,18.51,41.0,Gia Lai
2022,42,HoaHoc,4942,6.7806,,1.3872,25.05,42.0,Đắk Lắk
2022,42,NgoaiNgu,13289,5.3016,,1.7784,10.54,42.0,Đắk Lắk
2022,42,NguVan,13914,6.7184,,1.0867,14.69,42.0,Đắk Lắk
2022,42,SinhHoc,4863,5.289,,1.3498,4.28,42.0,Đắk Lắk
2022,42,Toan,13973,6.6172,,1.4422,19.62,42.0,Đắk Lắk
2022,42,VatLy,4943,6.7007,,1.2511,17.18,42.0,Đắk Lắk
2022,43,HoaHoc,4633,6.0801,,1.7232,18.02,43.0,Đắk Nông
2022,43,NgoaiNgu,9706,4.868,,1.7471,7.19,43.0,Đắk Nông
2022,43,NguVan,10576,5.8237,,1.3306,5.85,43.0,Đắk Nông
2022,43,SinhHoc,4563,4.6736,,1.3929,3.18,43.0,Đắk Nông
2022,43,Toan,10597,6.2323,,1.7218,17.63,43.0,Đắk Nông
2022,43,VatLy,4636,6.3312,,1.5173,16.11,43.0,Đắk Nông
2022,44,HoaHoc,5665,7.0643,,1.2822,29.59,44.0,Lâm Đồng
2022,44,NgoaiNgu,10374,6.2542,,1.6893,19.27,44.0,Lâm Đồng
2022,44,NguVan,12640,7.0819,,0.9199,19.52,44.0,Lâm Đồng
2022,44,SinhHoc,5597,5.7455,,1.2931,5.49,44.0,Lâm Đồng
2022,44,Toan,12685,7.1453,,1.173,27.92,44.0,Lâm Đồng
2022,44,VatLy,5654,7.006,,1.1822,23.86,44.0,Lâm Đồng
2022,45,HoaHoc,1655,6.4873,,1.5875,23.02,45.0,Bình Phước
2022,45,NgoaiNgu,5483,4.615,,1.835,6.51,45.0,Bình Phước
2022,45,NguVan,5814,6.0706,,1.1822,6.54,45.0,Bình Phước
2022,45,SinhHoc,1634,4.8299,,1.3215,2.63,45.0,Bình Phước
2022,45,Toan,5810,6.038,,1.7343,14.13,45.0,Bình Phước
2022,45,VatLy,1644,6.352,,1.5071,17.15,45.0,Bình Phước
2022,46,HoaHoc,4089,6.4441,,1.4957,19.81,46.0,Tây Ninh
2022,46,NgoaiNgu,8974,4.9298,,1.7252,7.01,46.0,Tây Ninh
2022,46,NguVan,9656,6.5618,,1.1891,12.99,46.0,Tây Ninh
2022,46,SinhHoc,4036,4.9222,,1.3312,2.48,46.0,Tây Ninh
2022,46,Toan,9610,6.4257,,1.4765,15.6,46.0,Tây Ninh
2022,46,VatLy,4076,6.4211,,1.3325,13.49,46.0,Tây Ninh
2022,47,HoaHoc,3999,6.6433,,1.464,23.18,47.0,Bình Dương
2022,47,NgoaiNgu,12035,4.9925,,1.7645,7.96,47.0,Bình Dương
2022,47,NguVan,12588,6.507,,1.0826,9.97,47.0,Bình Dương
2022,47,SinhHoc,3928,5.0796,,1.363,3.54,47.0,Bình Dương
2022,47,Toan,12526,6.3928,,1.5059,16.18,47.0,Bình Dương
2022,47,VatLy,4007,6.6454,,1.3239,17.12,47.0,Bình Dương
2022,48,HoaHoc,10775,6.4502,,1.5235,20.02,48.0,Đồng Nai
2022,48,NgoaiNgu,25123,5.3438,,1.9373,12.35,48.0,Đồng Nai
2022,48,NguVan,31052,5.9136,,1.3629,6.69,48.0,Đồng Nai
2022,48,SinhHoc,10676,4.6988,,1.3028,2.42,48.0,Đồng Nai
2022,48,Toan,31153,6.2934,,1.6377,16.55,48.0,Đồng Nai
2022,48,VatLy,10740,6.5349,,1.3578,16.17,48.0,Đồng Nai
2022,49,HoaHoc,7260,6.7586,,1.37,22.85,49.0,Bà Rịa - Vũng Tàu
2022,49,NgoaiNgu,13406,5.1899,,1.647,7.42,49.0,Bà Rịa - Vũng Tàu
2022,49,NguVan,15192,6.2268,,1.1008,6.02,49.0,Bà Rịa - Vũng Tàu
2022,49,SinhHoc,7199,5.1106,,1.3198,2.93,49.0,Bà Rịa - Vũng Tàu
2022,49,Toan,15145,6.6775,,1.3326,18.04,49.0,Bà Rịa - Vũng Tàu
2022,49,VatLy,7236,6.479,,1.2629,12.45,49.0,Bà Rịa - Vũng Tàu
2022,50,HoaHoc,6028,6.6477,,1.4346,22.06,50.0,TP. Hồ Chí Minh
2022,50,NgoaiNgu,13641,4.986,,1.6273,6.39,50.0,TP. Hồ Chí Minh
2022,50,NguVan,14870,6.6379,,1.0774,12.39,50.0,TP. Hồ Chí Minh
2022,50,SinhHoc,5952,5.2934,,1.43,5.75,50.0,TP. Hồ Chí Minh
2022,50,Toan,14866,6.4848,,1.4409,17.03,50.0,TP. Hồ Chí Minh
2022,50,VatLy,5969,6.3988,,1.3121,12.06,50.0,TP. Hồ Chí Minh
2022,51,HoaHoc,6847,6.6032,,1.4306,20.74,51.0,Long An
2022,51,NgoaiNgu,17336,5.2143,,1.5724,7.5,51.0,Long An
2022,51,NguVan,18408,6.8321,,1.2183,20.97,51.0,Long An
2022,51,SinhHoc,6791,5.4076,,1.4215,5.83,51.0,Long An
2022,51,Toan,18327,6.533,,1.4138,16.96,51.0,Long An
2022,51,VatLy,6816,6.5844,,1.2263,13.85,51.0,Long An
2022,52,HoaHoc,6694,6.133,,1.5892,15.51,52.0,Tiền Giang
2022,52,NgoaiNgu,11154,5.8378,,1.9191,17.96,52.0,Tiền Giang
2022,52,NguVan,12565,6.4836,,1.2225,11.85,52.0,Tiền Giang
2022,52,SinhHoc,6657,4.6153,,1.252,1.8,52.0,Tiền Giang
2022,52,Toan,12573,6.7295,,1.433,22.08,52.0,Tiền Giang
2022,52,VatLy,6691,6.3196,,1.409,13.94,52.0,Tiền Giang
2022,53,HoaHoc,7527,6.7193,,1.4169,23.65,53.0,Bến Tre
2022,53,NgoaiNgu,14229,5.2109,,1.7505,8.9,53.0,Bến Tre
2022,53,NguVan,14882,7.0255,,1.1675,25.2,53.0,Bến Tre
2022,53,SinhHoc,7453,5.1486,,1.3281,3.23,53.0,Bến Tre
2022,53,Toan,14873,6.8209,,1.309,21.41,53.0,Bến Tre
2022,53,VatLy,7490,6.5961,,1.2915,16.3,53.0,Bến Tre
2022,54,HoaHoc,4059,6.1869,,1.5809,15.25,54.0,Trà Vinh
2022,54,NgoaiNgu,12547,4.5923,,1.6151,4.48,54.0,Trà Vinh
2022,54,NguVan,14159,6.1887,,1.1757,6.91,54.0,Trà Vinh
2022,54,SinhHoc,4000,5.1956,,1.4359,4.8,54.0,Trà Vinh
2022,54,Toan,13964,6.0018,,1.5833,11.29,54.0,Trà Vinh
2022,54,VatLy,4007,6.1783,,1.3715,10.26,54.0,Trà Vinh
2022,55,HoaHoc,4611,6.8092,,1.6321,31.1,55.0,Vĩnh Long
2022,55,NgoaiNgu,10510,5.1797,,1.8595,10.86,55.0,Vĩnh Long
2022,55,NguVan,11683,6.5581,,1.2511,14.81,55.0,Vĩnh Long
2022,55,SinhHoc,4518,5.5285,,1.6758,11.62,55.0,Vĩnh Long
2022,55,Toan,11899,6.4867,,1.6197,21.72,55.0,Vĩnh Long
2022,55,VatLy,4347,6.4543,,1.512,17.76,55.0,Vĩnh Long
2022,56,HoaHoc,4312,6.6514,,1.4853,23.08,56.0,Đồng Tháp
2022,56,NgoaiNgu,10688,4.9345,,1.7131,6.9,56.0,Đồng Tháp
2022,56,NguVan,12189,5.7961,,1.1508,3.68,56.0,Đồng Tháp
2022,56,SinhHoc,4271,5.3785,,1.3485,4.54,56.0,Đồng Tháp
2022,56,Toan,12185,6.5062,,1.4004,16.52,56.0,Đồng Tháp
2022,56,VatLy,4273,6.4963,,1.2945,13.74,56.0,Đồng Tháp
2022,57,HoaHoc,3156,6.8304,,1.3981,26.9,57.0,An Giang
2022,57,NgoaiNgu,9275,5.0928,,1.5726,6.51,57.0,An Giang
2022,57,NguVan,10244,5.8894,,1.0642,2.36,57.0,An Giang
2022,57,SinhHoc,3126,5.7735,,1.4053,7.68,57.0,An Giang
2022,57,Toan,10222,6.5394,,1.391,17.29,57.0,An Giang
2022,57,VatLy,3137,6.7913,,1.2192,18.01,57.0,An Giang
2022,58,HoaHoc,2285,6.4879,,1.4608,18.82,58.0,Kiên Giang
2022,58,NgoaiNgu,8711,4.186,,1.5911,3.58,58.0,Kiên Giang
2022,58,NguVan,9366,5.7596,,1.1878,2.61,58.0,Kiên Giang
2022,58,SinhHoc,2254,5.2655,,1.4448,5.01,58.0,Kiên Giang
2022,58,Toan,9291,5.745,,1.6215,8.98,58.0,Kiên Giang
2022,58,VatLy,2249,6.1104,,1.3177,7.78,58.0,Kiên Giang
2022,59,HoaHoc,2907,6.254,,1.5377,17.17,59.0,Cần Thơ
2022,59,NgoaiNgu,9233,4.4483,,1.6658,4.92,59.0,Cần Thơ
2022,59,NguVan,9891,6.41,,1.1606,10.46,59.0,Cần Thơ
2022,59,SinhHoc,2880,5.0826,,1.4251,4.62,59.0,Cần Thơ
2022,59,Toan,9801,5.9224,,1.6218,11.25,59.0,Cần Thơ
2022,59,VatLy,2863,6.1988,,1.3745,9.81,59.0,Cần Thơ
2022,60,HoaHoc,2319,6.5785,,1.5553,22.94,60.0,Hậu Giang
2022,60,NgoaiNgu,5760,5.0378,,1.6088,6.7,60.0,Hậu Giang
2022,60,NguVan,6291,6.9154,,1.0102,17.47,60.0,Hậu Giang
2022,60,SinhHoc,2265,5.4641,,1.4757,7.2,60.0,Hậu Giang
2022,60,Toan,6209,6.678,,1.3418,18.86,60.0,Hậu Giang
2022,60,VatLy,2287,6.631,,1.3337,16.53,60.0,Hậu Giang
2022,61,HoaHoc,4770,6.0868,,1.6088,14.57,61.0,Sóc Trăng
2022,61,NgoaiNgu,10349,4.4756,,1.5213,3.78,61.0,Sóc Trăng
2022,61,NguVan,10546,6.6117,,1.2038,15.69,61.0,Sóc Trăng
2022,61,SinhHoc,4705,5.0702,,1.4412,4.27,61.0,Sóc Trăng
2022,61,Toan,10538,6.1763,,1.5433,12.94,61.0,Sóc Trăng
2022,61,VatLy,4729,6.034,,1.4287,9.39,61.0,Sóc Trăng
2022,62,HoaHoc,806,6.8952,,1.506,29.4,62.0,Bạc Liêu
2022,62,NgoaiNgu,5528,4.0463,,1.3922,3.2,62.0,Bạc Liêu
2022,62,NguVan,6303,6.4668,,1.1814,11.99,62.0,Bạc Liêu
2022,62,SinhHoc,740,5.1703,,1.5371,5.95,62.0,Bạc Liêu
2022,62,Toan,5980,5.4812,,1.666,8.53,62.0,Bạc Liêu
2022,62,VatLy,789,6.3172,,1.5353,16.86,62.0,Bạc Liêu
2022,63,HoaHoc,2357,6.4361,,1.6196,22.32,63.0,Cà Mau
2022,63,NgoaiNgu,6387,4.1244,,1.6376,3.71,63.0,Cà Mau
2022,63,NguVan,6733,5.4059,,1.2476,1.96,63.0,Cà Mau
2022,63,SinhHoc,2305,4.7278,,1.3282,2.95,63.0,Cà Mau
2022,63,Toan,6773,6.0172,,1.7594,15.09,63.0,Cà Mau
2022,63,VatLy,2356,6.3161,,1.4937,15.2,63.0,Cà Mau
2022,64,HoaHoc,1949,6.4777,,1.5895,21.55,,
2022,64,NgoaiNgu,6146,4.0596,,1.5362,2.85,,
2022,64,NguVan,6471,6.0688,,1.1084,5.21,,
2022,64,SinhHoc,1918,5.1507,,1.4322,4.59,,
2022,64,Toan,6428,5.8683,,1.6258,10.87,,
2022,64,VatLy,1922,6.1896,,1.4088,10.72,,
2023,1,HoaHoc,26021,6.2964,,1.7517,21.38,1.0,Hà Nội
2023,1,NgoaiNgu,84597,6.2108,,2.2154,30.42,1.0,Hà Nội
2023,1,NguVan,100598,7.1952,,1.3269,35.73,1.0,Hà Nội
2023,1,SinhHoc,25727,6.0495,,1.2931,8.07,1.0,Hà Nội
2023,1,Toan,100309,6.6052,,1.6331,22.99,1.0,Hà Nội
2023,1,VatLy,26052,6.8066,,1.5987,30.11,1.0,Hà Nội
2023,2,HoaHoc,47097,6.6994,,1.3053,18.54,2.0,Hà Giang
2023,2,NgoaiNgu,71511,6.7603,,1.8273,33.42,2.0,Hà Giang
2023,2,NguVan,83113,6.5352,,1.0118,8.25,2.0,Hà Giang
2023,2,SinhHoc,46793,6.4334,,1.1814,10.88,2.0,Hà Giang
2023,2,Toan,83653,6.919,,1.1828,19.91,2.0,Hà Giang
2023,2,VatLy,46798,6.3396,,1.4069,14.7,2.0,Hà Giang
2023,3,HoaHoc,7126,6.7171,,1.4707,24.01,3.0,Cao Bằng
2023,3,NgoaiNgu,19457,6.0611,,1.9691,22.76,3.0,Cao Bằng
2023,3,NguVan,22436,7.4478,,1.2926,44.03,3.0,Cao Bằng
2023,3,SinhHoc,7066,6.5394,,1.1496,11.68,3.0,Cao Bằng
2023,3,Toan,22474,6.6351,,1.5506,21.46,3.0,Cao Bằng
2023,3,VatLy,7139,6.8649,,1.4492,27.82,3.0,Cao Bằng
2023,4,HoaHoc,5408,6.4658,,1.6478,21.8,4.0,Bắc Kạn
2023,4,NgoaiNgu,11221,6.1129,,2.0413,23.84,4.0,Bắc Kạn
2023,4,NguVan,12868,6.0176,,1.3788,9.39,4.0,Bắc Kạn
2023,4,SinhHoc,5359,5.9982,,1.3299,8.73,4.0,Bắc Kạn
2023,4,Toan,12876,6.5251,,1.6059,18.94,4.0,Bắc Kạn
2023,4,VatLy,5391,6.5064,,1.541,20.83,4.0,Bắc Kạn
2023,5,HoaHoc,463,6.5583,,1.4358,18.36,5.0,Tuyên Quang
2023,5,NgoaiNgu,5504,3.8336,,1.7052,4.76,5.0,Tuyên Quang
2023,5,NguVan,6219,5.2703,,1.5341,5.42,5.0,Tuyên Quang
2023,5,SinhHoc,442,6.1001,,1.3975,10.41,5.0,Tuyên Quang
2023,5,Toan,6093,4.3154,,1.7003,3.22,5.0,Tuyên Quang
2023,5,VatLy,466,6.3289,,1.5836,18.03,5.0,Tuyên Quang
2023,6,HoaHoc,619,6.8195,,1.3375,22.46,6.0,Lào Cai
2023,6,NgoaiNgu,4225,4.2787,,1.8928,7.36,6.0,Lào Cai
2023,6,NguVan,4935,5.7855,,1.5972,10.19,6.0,Lào Cai
2023,6,SinhHoc,573,6.4184,,1.1353,9.77,6.0,Lào Cai
2023,6,Toan,4686,4.8925,,1.8068,5.66,6.0,Lào Cai
2023,6,VatLy,629,6.5139,,1.5418,22.42,6.0,Lào Cai
2023,7,HoaHoc,743,6.3106,,1.5232,16.55,7.0,Điện Biên
2023,7,NgoaiNgu,3452,4.3647,,1.3682,2.87,7.0,Điện Biên
2023,7,NguVan,3781,6.5119,,1.1797,12.93,7.0,Điện Biên
2023,7,SinhHoc,714,6.3018,,1.1918,8.54,7.0,Điện Biên
2023,7,Toan,3680,5.5779,,1.5221,5.54,7.0,Điện Biên
2023,7,VatLy,740,6.1338,,1.5277,13.11,7.0,Điện Biên
2023,8,HoaHoc,1259,6.6432,,1.4842,21.05,8.0,Lai Châu
2023,8,NgoaiNgu,6672,4.8499,,1.7433,8.84,8.0,Lai Châu
2023,8,NguVan,7794,6.9692,,1.2849,26.42,8.0,Lai Châu
2023,8,SinhHoc,1236,6.6883,,1.1371,14.08,8.0,Lai Châu
2023,8,Toan,7692,5.8108,,1.5979,8.84,8.0,Lai Châu
2023,8,VatLy,1265,6.6144,,1.4643,20.87,8.0,Lai Châu
2023,9,HoaHoc,1056,7.2285,,1.1321,30.97,9.0,Sơn La
2023,9,NgoaiNgu,7641,5.0417,,1.7096,8.07,9.0,Sơn La
2023,9,NguVan,8319,6.5845,,1.2079,14.12,9.0,Sơn La
2023,9,SinhHoc,1036,6.9464,,1.1285,21.53,9.0,Sơn La
2023,9,Toan,8198,5.6024,,1.5606,6.42,9.0,Sơn La
2023,9,VatLy,1047,6.6194,,1.4005,20.53,9.0,Sơn La
2023,10,HoaHoc,1167,6.5754,,1.5691,21.85,10.0,Yên Bái
2023,10,NgoaiNgu,7335,4.4928,,1.8007,6.97,10.0,Yên Bái
2023,10,NguVan,9214,6.0978,,1.5486,13.1,10.0,Yên Bái
2023,10,SinhHoc,1118,6.5072,,1.2004,11.9,10.0,Yên Bái
2023,10,Toan,9047,5.2061,,1.7081,5.48,10.0,Yên Bái
2023,10,VatLy,1165,6.4464,,1.4704,18.88,10.0,Yên Bái
2023,11,HoaHoc,304,6.898,,1.39,27.3,11.0,Hòa Bình
2023,11,NgoaiNgu,2399,4.3622,,1.7193,5.96,11.0,Hòa Bình
2023,11,NguVan,2861,6.2485,,1.2701,10.56,11.0,Hòa Bình
2023,11,SinhHoc,285,6.5974,,1.2525,15.09,11.0,Hòa Bình
2023,11,Toan,2720,5.2385,,1.6241,5.0,11.0,Hòa Bình
2023,11,VatLy,303,6.5091,,1.4709,19.14,11.0,Hòa Bình
2023,12,HoaHoc,3209,6.9443,,1.4042,28.14,12.0,Thái Nguyên
2023,12,NgoaiNgu,12725,4.9607,,1.8677,9.93,12.0,Thái Nguyên
2023,12,NguVan,15982,6.4727,,1.3433,15.17,12.0,Thái Nguyên
2023,12,SinhHoc,3163,6.2925,,1.3279,11.73,12.0,Thái Nguyên
2023,12,Toan,15873,5.6902,,1.8352,11.84,12.0,Thái Nguyên
2023,12,VatLy,3194,6.5271,,1.5479,21.6,12.0,Thái Nguyên
2023,13,HoaHoc,830,6.9867,,1.4029,27.83,13.0,Lạng Sơn
2023,13,NgoaiNgu,6764,4.8768,,1.7917,9.06,13.0,Lạng Sơn
2023,13,NguVan,8178,6.2849,,1.3194,12.56,13.0,Lạng Sơn
2023,13,SinhHoc,814,6.3197,,1.4048,13.14,13.0,Lạng Sơn
2023,13,Toan,8003,5.3045,,1.7004,6.76,13.0,Lạng Sơn
2023,13,VatLy,824,6.6626,,1.5062,24.88,13.0,Lạng Sơn
2023,14,HoaHoc,999,6.754,,1.4617,22.92,14.0,Quảng Ninh
2023,14,NgoaiNgu,10096,4.1392,,1.5119,3.89,14.0,Quảng Ninh
2023,14,NguVan,11626,6.0669,,1.0982,5.05,14.0,Quảng Ninh
2023,14,SinhHoc,962,6.534,,1.29,15.49,14.0,Quảng Ninh
2023,14,Toan,11178,4.9384,,1.5836,4.0,14.0,Quảng Ninh
2023,14,VatLy,990,6.4636,,1.6043,22.02,14.0,Quảng Ninh
2023,15,HoaHoc,3128,6.9998,,1.521,32.83,15.0,Bắc Giang
2023,15,NgoaiNgu,12832,5.3819,,1.7763,11.97,15.0,Bắc Giang
2023,15,NguVan,15699,7.3049,,1.2685,37.66,15.0,Bắc Giang
2023,15,SinhHoc,3094,6.6126,,1.252,15.38,15.0,Bắc Giang
2023,15,Toan,15632,6.1901,,1.5835,14.07,15.0,Bắc Giang
2023,15,VatLy,3120,6.9143,,1.49,30.83,15.0,Bắc Giang
2023,16,HoaHoc,4119,7.1779,,1.2463,31.44,16.0,Phú Thọ
2023,16,NgoaiNgu,10990,6.001,,1.7582,18.45,16.0,Phú Thọ
2023,16,NguVan,13899,7.7683,,1.0206,51.15,16.0,Phú Thọ
2023,16,SinhHoc,4080,6.8347,,1.0967,16.47,16.0,Phú Thọ
2023,16,Toan,13840,6.8632,,1.4138,24.99,16.0,Phú Thọ
2023,16,VatLy,4123,7.3451,,1.2429,38.49,16.0,Phú Thọ
2023,17,HoaHoc,2833,6.4847,,1.632,22.63,17.0,Vĩnh Phúc
2023,17,NgoaiNgu,12689,5.5015,,2.0512,16.7,17.0,Vĩnh Phúc
2023,17,NguVan,15823,6.4803,,1.5379,20.74,17.0,Vĩnh Phúc
2023,17,SinhHoc,2797,6.2296,,1.2559,10.26,17.0,Vĩnh Phúc
2023,17,Toan,15737,5.7332,,1.8123,11.64,17.0,Vĩnh Phúc
2023,17,VatLy,2832,6.7954,,1.5391,28.14,17.0,Vĩnh Phúc
2023,18,HoaHoc,5015,6.8347,,1.4926,27.46,18.0,Bắc Ninh
2023,18,NgoaiNgu,17171,5.4501,,1.7449,11.45,18.0,Bắc Ninh
2023,18,NguVan,20889,7.256,,1.1078,32.06,18.0,Bắc Ninh
2023,18,SinhHoc,4963,6.4021,,1.1665,10.22,18.0,Bắc Ninh
2023,18,Toan,20884,6.1792,,1.6447,15.26,18.0,Bắc Ninh
2023,18,VatLy,5002,6.8842,,1.5004,30.19,18.0,Bắc Ninh
2023,19,HoaHoc,5939,7.0434,,1.3881,30.88,19.0,Hải Dương
2023,19,NgoaiNgu,14328,5.8803,,1.9427,19.35,19.0,Hải Dương
2023,19,NguVan,16556,7.5459,,1.3251,46.94,19.0,Hải Dương
2023,19,SinhHoc,5891,6.2506,,1.2481,9.12,19.0,Hải Dương
2023,19,Toan,16557,6.7024,,1.5315,23.19,19.0,Hải Dương
2023,19,VatLy,5941,7.2977,,1.2608,37.35,19.0,Hải Dương
2023,21,HoaHoc,7379,7.2014,,1.2738,33.51,21.0,Hưng Yên
2023,21,NgoaiNgu,18017,5.2345,,1.9137,12.01,21.0,Hưng Yên
2023,21,NguVan,21701,7.47,,1.137,40.35,21.0,Hưng Yên
2023,21,SinhHoc,7324,6.323,,1.1832,9.18,21.0,Hưng Yên
2023,21,Toan,21748,6.5029,,1.5912,19.57,21.0,Hưng Yên
2023,21,VatLy,7380,6.8086,,1.4896,27.51,21.0,Hưng Yên
2023,22,HoaHoc,4249,6.8414,,1.5978,30.17,22.0,Thái Bình
2023,22,NgoaiNgu,12101,5.317,,1.8896,11.78,22.0,Thái Bình
2023,22,NguVan,15194,6.5152,,1.4285,19.11,22.0,Thái Bình
2023,22,SinhHoc,4203,5.9645,,1.2995,7.3,22.0,Thái Bình
2023,22,Toan,15218,6.3784,,1.6692,18.46,22.0,Thái Bình
2023,22,VatLy,4251,6.7761,,1.5604,28.68,22.0,Thái Bình
2023,23,HoaHoc,1223,6.9242,,1.4454,28.78,23.0,Hà Nam
2023,23,NgoaiNgu,8284,4.4175,,1.7628,6.74,23.0,Hà Nam
2023,23,NguVan,9594,6.7362,,1.3208,21.47,23.0,Hà Nam
2023,23,SinhHoc,1194,6.4556,,1.266,12.98,23.0,Hà Nam
2023,23,Toan,9469,5.14,,1.7277,6.47,23.0,Hà Nam
2023,23,VatLy,1218,6.8013,,1.5355,26.52,23.0,Hà Nam
2023,24,HoaHoc,3031,6.9552,,1.4642,30.65,24.0,Nam Định
2023,24,NgoaiNgu,7996,5.3734,,1.9023,13.37,24.0,Nam Định
2023,24,NguVan,9520,7.8283,,1.1722,58.07,24.0,Nam Định
2023,24,SinhHoc,2990,6.4006,,1.192,10.1,24.0,Nam Định
2023,24,Toan,9487,6.7673,,1.4625,22.36,24.0,Nam Định
2023,24,VatLy,3022,6.9363,,1.5111,31.57,24.0,Nam Định
2023,25,HoaHoc,9778,7.2545,,1.238,33.4,25.0,Ninh Bình
2023,25,NgoaiNgu,17717,5.8569,,1.7658,15.57,25.0,Ninh Bình
2023,25,NguVan,20171,7.3733,,0.9956,33.86,25.0,Ninh Bình
2023,25,SinhHoc,9710,6.7572,,1.0454,13.36,25.0,Ninh Bình
2023,25,Toan,20254,7.1283,,1.2727,29.81,25.0,Ninh Bình
2023,25,VatLy,9765,7.1249,,1.2856,31.83,25.0,Ninh Bình
2023,26,HoaHoc,8691,6.9664,,1.429,29.2,26.0,Thanh Hóa
2023,26,NgoaiNgu,17918,5.3888,,1.868,13.09,26.0,Thanh Hóa
2023,26,NguVan,20450,6.8626,,1.1961,21.29,26.0,Thanh Hóa
2023,26,SinhHoc,8607,6.3504,,1.154,8.86,26.0,Thanh Hóa
2023,26,Toan,20555,6.7193,,1.4789,22.69,26.0,Thanh Hóa
2023,26,VatLy,8679,6.6742,,1.5505,25.06,26.0,Thanh Hóa
2023,27,HoaHoc,3370,7.0775,,1.3688,31.45,27.0,Nghệ An
2023,27,NgoaiNgu,9439,5.7798,,1.7178,14.76,27.0,Nghệ An
2023,27,NguVan,11025,7.6695,,1.2155,52.39,27.0,Nghệ An
2023,27,SinhHoc,3331,6.6551,,1.1364,13.24,27.0,Nghệ An
2023,27,Toan,10975,6.6699,,1.5204,22.68,27.0,Nghệ An
2023,27,VatLy,3370,7.0992,,1.409,33.62,27.0,Nghệ An
2023,28,HoaHoc,8797,6.7579,,1.6303,28.46,28.0,Hà Tĩnh
2023,28,NgoaiNgu,31471,4.8832,,1.9404,10.6,28.0,Hà Tĩnh
2023,28,NguVan,35961,7.6786,,1.1288,50.12,28.0,Hà Tĩnh
2023,28,SinhHoc,8662,6.2549,,1.3223,10.77,28.0,Hà Tĩnh
2023,28,Toan,35783,5.8757,,1.8608,15.12,28.0,Hà Tĩnh
2023,28,VatLy,8786,6.7857,,1.6322,30.15,28.0,Hà Tĩnh
2023,29,HoaHoc,9844,6.8993,,1.4706,27.96,29.0,Quảng Bình
2023,29,NgoaiNgu,33271,5.0082,,1.9031,10.85,29.0,Quảng Bình
2023,29,NguVan,36273,7.285,,1.1742,34.42,29.0,Quảng Bình
2023,29,SinhHoc,9713,6.3093,,1.3022,10.97,29.0,Quảng Bình
2023,29,Toan,36403,6.0694,,1.7024,15.12,29.0,Quảng Bình
2023,29,VatLy,9807,6.7559,,1.594,28.95,29.0,Quảng Bình
2023,30,HoaHoc,3876,7.1398,,1.3622,34.11,30.0,Quảng Trị
2023,30,NgoaiNgu,13755,5.3901,,1.7855,12.15,30.0,Quảng Trị
2023,30,NguVan,16992,7.7473,,1.1206,51.11,30.0,Quảng Trị
2023,30,SinhHoc,3799,6.1856,,1.2807,9.53,30.0,Quảng Trị
2023,30,Toan,16981,6.1869,,1.6126,15.04,30.0,Quảng Trị
2023,30,VatLy,3865,7.1646,,1.4404,37.77,30.0,Quảng Trị
2023,31,HoaHoc,1997,6.9398,,1.2707,24.39,31.0,Thừa Thiên Huế
2023,31,NgoaiNgu,10252,4.9855,,1.7019,7.48,31.0,Thừa Thiên Huế
2023,31,NguVan,11031,6.519,,1.2058,12.91,31.0,Thừa Thiên Huế
2023,31,SinhHoc,1963,6.3327,,1.2083,9.17,31.0,Thừa Thiên Huế
2023,31,Toan,10981,5.7199,,1.588,8.21,31.0,Thừa Thiên Huế
2023,31,VatLy,1988,6.6391,,1.4458,22.94,31.0,Thừa Thiên Huế
2023,32,HoaHoc,2449,6.7314,,1.4494,23.4,32.0,Đà Nẵng
2023,32,NgoaiNgu,7752,4.7813,,1.8974,9.28,32.0,Đà Nẵng
2023,32,NguVan,8273,6.4533,,1.281,14.47,32.0,Đà Nẵng
2023,32,SinhHoc,2388,6.1394,,1.231,8.04,32.0,Đà Nẵng
2023,32,Toan,8191,5.8759,,1.7646,12.73,32.0,Đà Nẵng
2023,32,VatLy,2445,6.5913,,1.5082,22.25,32.0,Đà Nẵng
2023,33,HoaHoc,3733,7.0187,,1.4081,31.4,33.0,Quảng Nam
2023,33,NgoaiNgu,11962,5.2567,,1.9785,13.36,33.0,Quảng Nam
2023,33,NguVan,12813,6.9192,,1.2362,23.51,33.0,Quảng Nam
2023,33,SinhHoc,3687,6.2753,,1.3188,12.1,33.0,Quảng Nam
2023,33,Toan,12794,6.2146,,1.6687,15.7,33.0,Quảng Nam
2023,33,VatLy,3700,6.8562,,1.5092,29.38,33.0,Quảng Nam
2023,34,HoaHoc,5935,6.7796,,1.3614,22.56,34.0,Quảng Ngãi
2023,34,NgoaiNgu,15906,5.0457,,1.7817,8.97,34.0,Quảng Ngãi
2023,34,NguVan,16959,6.2703,,1.3474,12.34,34.0,Quảng Ngãi
2023,34,SinhHoc,5879,6.2383,,1.1913,8.54,34.0,Quảng Ngãi
2023,34,Toan,16726,6.102,,1.661,13.58,34.0,Quảng Ngãi
2023,34,VatLy,5929,6.7188,,1.399,22.7,34.0,Quảng Ngãi
2023,35,HoaHoc,4997,6.8668,,1.3634,24.17,35.0,Bình Định
2023,35,NgoaiNgu,12332,5.3713,,1.813,11.11,35.0,Bình Định
2023,35,NguVan,13726,6.9389,,1.5242,30.74,35.0,Bình Định
2023,35,SinhHoc,4956,5.9646,,1.1853,5.27,35.0,Bình Định
2023,35,Toan,13638,6.1418,,1.7027,14.32,35.0,Bình Định
2023,35,VatLy,4989,6.6661,,1.3898,20.89,35.0,Bình Định
2023,36,HoaHoc,1475,6.8656,,1.2572,21.63,36.0,Phú Yên
2023,36,NgoaiNgu,4687,4.7496,,1.8054,8.45,36.0,Phú Yên
2023,36,NguVan,4966,6.3975,,1.3184,13.93,36.0,Phú Yên
2023,36,SinhHoc,1453,6.4463,,1.135,10.53,36.0,Phú Yên
2023,36,Toan,4913,5.999,,1.6162,11.56,36.0,Phú Yên
2023,36,VatLy,1487,6.6562,,1.3927,20.78,36.0,Phú Yên
2023,37,HoaHoc,6299,6.8827,,1.2906,23.7,37.0,Khánh Hòa
2023,37,NgoaiNgu,17589,5.6647,,1.7599,13.12,37.0,Khánh Hòa
2023,37,NguVan,18744,6.3304,,1.2187,9.94,37.0,Khánh Hòa
2023,37,SinhHoc,6268,6.4308,,1.1238,8.85,37.0,Khánh Hòa
2023,37,Toan,18683,6.3622,,1.5384,14.86,37.0,Khánh Hòa
2023,37,VatLy,6312,6.8076,,1.3205,22.94,37.0,Khánh Hòa
2023,38,HoaHoc,4333,6.7081,,1.4401,21.81,38.0,Ninh Thuận
2023,38,NgoaiNgu,13829,4.7745,,1.8353,8.37,38.0,Ninh Thuận
2023,38,NguVan,14642,6.4576,,1.4504,17.44,38.0,Ninh Thuận
2023,38,SinhHoc,4253,6.3118,,1.1751,8.7,38.0,Ninh Thuận
2023,38,Toan,14535,5.6894,,1.7476,10.19,38.0,Ninh Thuận
2023,38,VatLy,4332,6.4527,,1.5584,20.24,38.0,Ninh Thuận
2023,39,HoaHoc,3191,6.7614,,1.3429,20.93,39.0,Bình Thuận
2023,39,NgoaiNgu,9951,4.9648,,1.8741,9.35,39.0,Bình Thuận
2023,39,NguVan,10531,6.0034,,1.2491,6.66,39.0,Bình Thuận
2023,39,SinhHoc,3156,6.2408,,1.1544,7.73,39.0,Bình Thuận
2023,39,Toan,10443,6.1045,,1.5918,11.81,39.0,Bình Thuận
2023,39,VatLy,3190,6.4105,,1.5037,18.15,39.0,Bình Thuận
2023,40,HoaHoc,6363,6.4184,,1.5767,18.84,40.0,Kon Tum
2023,40,NgoaiNgu,19019,4.6591,,1.9047,8.7,40.0,Kon Tum
2023,40,NguVan,20767,6.1077,,1.3624,9.83,40.0,Kon Tum
2023,40,SinhHoc,6285,6.0709,,1.2531,7.73,40.0,Kon Tum
2023,40,Toan,20698,5.6112,,1.8444,10.84,40.0,Kon Tum
2023,40,VatLy,6348,6.2086,,1.6438,17.41,40.0,Kon Tum
2023,41,HoaHoc,5996,6.4739,,1.4444,17.09,41.0,Gia Lai
2023,41,NgoaiNgu,11990,5.5712,,1.9926,15.88,41.0,Gia Lai
2023,41,NguVan,14311,6.4795,,1.3259,14.37,41.0,Gia Lai
2023,41,SinhHoc,5948,6.213,,1.1502,7.2,41.0,Gia Lai
2023,41,Toan,14309,6.1903,,1.6399,13.17,41.0,Gia Lai
2023,41,VatLy,6003,6.3264,,1.4814,15.83,41.0,Gia Lai
2023,42,HoaHoc,5073,6.8398,,1.2225,20.26,42.0,Đắk Lắk
2023,42,NgoaiNgu,13659,5.6268,,1.7582,13.19,42.0,Đắk Lắk
2023,42,NguVan,14536,7.1487,,1.0398,25.25,42.0,Đắk Lắk
2023,42,SinhHoc,5025,6.7028,,1.04,12.62,42.0,Đắk Lắk
2023,42,Toan,14490,6.3816,,1.3948,12.09,42.0,Đắk Lắk
2023,42,VatLy,5058,6.5425,,1.3106,15.66,42.0,Đắk Lắk
2023,43,HoaHoc,4506,6.5031,,1.4245,17.22,43.0,Đắk Nông
2023,43,NgoaiNgu,10121,5.1674,,1.7221,9.02,43.0,Đắk Nông
2023,43,NguVan,10798,6.5819,,1.1813,14.34,43.0,Đắk Nông
2023,43,SinhHoc,4456,6.2869,,1.1505,8.51,43.0,Đắk Nông
2023,43,Toan,10752,6.2778,,1.5036,12.85,43.0,Đắk Nông
2023,43,VatLy,4514,6.4157,,1.4413,17.3,43.0,Đắk Nông
2023,44,HoaHoc,6646,7.1964,,1.1042,27.02,44.0,Lâm Đồng
2023,44,NgoaiNgu,11458,6.7163,,1.5978,26.67,44.0,Lâm Đồng
2023,44,NguVan,14043,7.2301,,0.9449,26.45,44.0,Lâm Đồng
2023,44,SinhHoc,6578,6.9995,,0.987,18.27,44.0,Lâm Đồng
2023,44,Toan,13997,7.0166,,1.0997,20.58,44.0,Lâm Đồng
2023,44,VatLy,6631,6.8873,,1.2837,23.8,44.0,Lâm Đồng
2023,45,HoaHoc,1814,6.5561,,1.3654,16.1,45.0,Bình Phước
2023,45,NgoaiNgu,5562,4.935,,1.85,9.22,45.0,Bình Phước
2023,45,NguVan,6042,6.3512,,1.137,8.69,45.0,Bình Phước
2023,45,SinhHoc,1804,6.2871,,1.1196,8.26,45.0,Bình Phước
2023,45,Toan,5991,5.8523,,1.636,9.25,45.0,Bình Phước
2023,45,VatLy,1809,6.2734,,1.4934,16.03,45.0,Bình Phước
2023,46,HoaHoc,3803,6.5582,,1.3628,16.36,46.0,Tây Ninh
2023,46,NgoaiNgu,9139,5.137,,1.7267,8.12,46.0,Tây Ninh
2023,46,NguVan,10121,6.595,,1.1662,13.13,46.0,Tây Ninh
2023,46,SinhHoc,3766,6.4372,,1.1027,8.47,46.0,Tây Ninh
2023,46,Toan,10045,6.1411,,1.4703,9.13,46.0,Tây Ninh
2023,46,VatLy,3788,6.232,,1.4207,12.75,46.0,Tây Ninh
2023,47,HoaHoc,3889,6.7683,,1.2571,19.0,47.0,Bình Dương
2023,47,NgoaiNgu,12168,5.2423,,1.7697,9.79,47.0,Bình Dương
2023,47,NguVan,12747,6.6673,,1.0822,12.72,47.0,Bình Dương
2023,47,SinhHoc,3854,6.5039,,1.0645,9.83,47.0,Bình Dương
2023,47,Toan,12663,6.2,,1.4455,9.55,47.0,Bình Dương
2023,47,VatLy,3898,6.5269,,1.3681,17.29,47.0,Bình Dương
2023,48,HoaHoc,11360,6.5702,,1.3484,16.41,48.0,Đồng Nai
2023,48,NgoaiNgu,26074,5.6674,,1.9192,15.95,48.0,Đồng Nai
2023,48,NguVan,32719,6.4546,,1.376,15.92,48.0,Đồng Nai
2023,48,SinhHoc,11263,6.1871,,1.1474,6.75,48.0,Đồng Nai
2023,48,Toan,32688,6.1493,,1.5501,10.48,48.0,Đồng Nai
2023,48,VatLy,11351,6.3531,,1.3975,14.62,48.0,Đồng Nai
2023,49,HoaHoc,7464,6.7811,,1.2274,18.61,49.0,Bà Rịa - Vũng Tàu
2023,49,NgoaiNgu,13911,5.41,,1.6898,9.57,49.0,Bà Rịa - Vũng Tàu
2023,49,NguVan,15515,6.2006,,1.1035,6.19,49.0,Bà Rịa - Vũng Tàu
2023,49,SinhHoc,7409,6.4637,,1.0685,8.5,49.0,Bà Rịa - Vũng Tàu
2023,49,Toan,15332,6.4172,,1.3339,11.29,49.0,Bà Rịa - Vũng Tàu
2023,49,VatLy,7446,6.2483,,1.3567,11.09,49.0,Bà Rịa - Vũng Tàu
2023,50,HoaHoc,5915,6.6992,,1.2662,17.72,50.0,TP. Hồ Chí Minh
2023,50,NgoaiNgu,13773,5.2525,,1.6462,8.02,50.0,TP. Hồ Chí Minh
2023,50,NguVan,15518,6.9485,,1.0364,19.79,50.0,TP. Hồ Chí Minh
2023,50,SinhHoc,5851,6.5931,,1.1409,12.31,50.0,TP. Hồ Chí Minh
2023,50,Toan,15440,6.2363,,1.4182,9.89,50.0,TP. Hồ Chí Minh
2023,50,VatLy,5886,6.1453,,1.4093,11.35,50.0,TP. Hồ Chí Minh
2023,51,HoaHoc,6800,6.8897,,1.1851,19.94,51.0,Long An
2023,51,NgoaiNgu,17774,5.5586,,1.574,9.5,51.0,Long An
2023,51,NguVan,19738,7.5002,,1.1484,42.44,51.0,Long An
2023,51,SinhHoc,6719,6.841,,1.0572,16.7,51.0,Long An
2023,51,Toan,19488,6.3447,,1.358,10.72,51.0,Long An
2023,51,VatLy,6780,6.4893,,1.3246,15.27,51.0,Long An
2023,52,HoaHoc,6589,6.3057,,1.4157,12.73,52.0,Tiền Giang
2023,52,NgoaiNgu,11231,6.192,,1.867,22.82,52.0,Tiền Giang
2023,52,NguVan,12802,6.3804,,1.1413,8.94,52.0,Tiền Giang
2023,52,SinhHoc,6552,6.1815,,1.122,6.03,52.0,Tiền Giang
2023,52,Toan,12760,6.6254,,1.3276,15.23,52.0,Tiền Giang
2023,52,VatLy,6590,6.2653,,1.4278,13.67,52.0,Tiền Giang
2023,53,HoaHoc,7209,6.8707,,1.2196,20.68,53.0,Bến Tre
2023,53,NgoaiNgu,14685,5.4364,,1.7311,10.56,53.0,Bến Tre
2023,53,NguVan,15296,7.5647,,1.0931,43.88,53.0,Bến Tre
2023,53,SinhHoc,7168,6.5773,,1.0471,10.6,53.0,Bến Tre
2023,53,Toan,15222,6.6121,,1.2539,14.01,53.0,Bến Tre
2023,53,VatLy,7175,6.4436,,1.375,15.41,53.0,Bến Tre
2023,54,HoaHoc,4062,6.4823,,1.3919,15.31,54.0,Trà Vinh
2023,54,NgoaiNgu,12550,5.0186,,1.6622,6.88,54.0,Trà Vinh
2023,54,NguVan,14269,6.7414,,1.1714,17.48,54.0,Trà Vinh
2023,54,SinhHoc,4014,6.5791,,1.1236,12.33,54.0,Trà Vinh
2023,54,Toan,14117,5.8065,,1.5733,7.31,54.0,Trà Vinh
2023,54,VatLy,4022,6.1019,,1.4611,11.61,54.0,Trà Vinh
2023,55,HoaHoc,4443,6.9217,,1.3776,26.6,55.0,Vĩnh Long
2023,55,NgoaiNgu,10510,5.4699,,1.8912,13.67,55.0,Vĩnh Long
2023,55,NguVan,11645,6.8313,,1.2081,20.71,55.0,Vĩnh Long
2023,55,SinhHoc,4385,6.8349,,1.2498,21.25,55.0,Vĩnh Long
2023,55,Toan,11702,6.2993,,1.5388,14.29,55.0,Vĩnh Long
2023,55,VatLy,4256,6.4281,,1.4952,18.14,55.0,Vĩnh Long
2023,56,HoaHoc,4012,6.9463,,1.189,21.61,56.0,Đồng Tháp
2023,56,NgoaiNgu,10532,5.0908,,1.7385,8.21,56.0,Đồng Tháp
2023,56,NguVan,12003,6.57,,1.2109,15.45,56.0,Đồng Tháp
2023,56,SinhHoc,3975,6.7699,,1.0228,12.98,56.0,Đồng Tháp
2023,56,Toan,11920,6.3032,,1.3404,9.5,56.0,Đồng Tháp
2023,56,VatLy,4003,6.373,,1.3229,13.39,56.0,Đồng Tháp
2023,57,HoaHoc,3205,6.9742,,1.2279,23.53,57.0,An Giang
2023,57,NgoaiNgu,9192,5.4758,,1.5723,8.82,57.0,An Giang
2023,57,NguVan,10336,6.4788,,1.0144,8.25,57.0,An Giang
2023,57,SinhHoc,3180,7.0644,,0.9977,20.57,57.0,An Giang
2023,57,Toan,10249,6.3718,,1.3147,10.68,57.0,An Giang
2023,57,VatLy,3186,6.5891,,1.3059,16.67,57.0,An Giang
2023,58,HoaHoc,2255,6.5406,,1.3587,15.43,58.0,Kiên Giang
2023,58,NgoaiNgu,8464,4.3837,,1.6194,3.95,58.0,Kiên Giang
2023,58,NguVan,9093,6.3296,,1.2356,10.85,58.0,Kiên Giang
2023,58,SinhHoc,2229,6.5915,,1.1143,11.71,58.0,Kiên Giang
2023,58,Toan,8960,5.4772,,1.574,5.45,58.0,Kiên Giang
2023,58,VatLy,2235,5.8724,,1.4282,7.96,58.0,Kiên Giang
2023,59,HoaHoc,2722,6.4468,,1.3601,14.11,59.0,Cần Thơ
2023,59,NgoaiNgu,9131,4.7623,,1.7011,6.23,59.0,Cần Thơ
2023,59,NguVan,9937,7.026,,1.1556,25.67,59.0,Cần Thơ
2023,59,SinhHoc,2699,6.5061,,1.1181,10.19,59.0,Cần Thơ
2023,59,Toan,9782,5.6469,,1.581,6.68,59.0,Cần Thơ
2023,59,VatLy,2707,6.1445,,1.3998,11.49,59.0,Cần Thơ
2023,60,HoaHoc,2419,6.7353,,1.3519,20.17,60.0,Hậu Giang
2023,60,NgoaiNgu,5742,5.1843,,1.6436,8.03,60.0,Hậu Giang
2023,60,NguVan,6249,7.1364,,1.0028,25.44,60.0,Hậu Giang
2023,60,SinhHoc,2358,6.7813,,1.1112,15.69,60.0,Hậu Giang
2023,60,Toan,6146,6.4417,,1.2973,11.42,60.0,Hậu Giang
2023,60,VatLy,2409,6.2742,,1.4461,14.61,60.0,Hậu Giang
2023,61,HoaHoc,4476,6.2376,,1.5264,13.99,61.0,Sóc Trăng
2023,61,NgoaiNgu,9456,4.8361,,1.5976,5.02,61.0,Sóc Trăng
2023,61,NguVan,9665,6.4387,,1.1272,10.97,61.0,Sóc Trăng
2023,61,SinhHoc,4442,6.4657,,1.1643,10.72,61.0,Sóc Trăng
2023,61,Toan,9595,6.0276,,1.502,8.69,61.0,Sóc Trăng
2023,61,VatLy,4462,5.917,,1.4878,9.57,61.0,Sóc Trăng
2023,62,HoaHoc,774,6.6864,,1.4042,21.32,62.0,Bạc Liêu
2023,62,NgoaiNgu,5888,4.1105,,1.4449,3.43,62.0,Bạc Liêu
2023,62,NguVan,6589,6.7106,,1.1241,16.01,62.0,Bạc Liêu
2023,62,SinhHoc,730,6.3329,,1.2855,12.05,62.0,Bạc Liêu
2023,62,Toan,6200,5.1117,,1.5897,4.68,62.0,Bạc Liêu
2023,62,VatLy,764,6.1947,,1.6272,16.23,62.0,Bạc Liêu
2023,63,HoaHoc,2385,6.5143,,1.4581,17.86,63.0,Cà Mau
2023,63,NgoaiNgu,6789,4.3625,,1.6999,5.38,63.0,Cà Mau
2023,63,NguVan,7280,6.22,,1.1721,8.26,63.0,Cà Mau
2023,63,SinhHoc,2341,6.1521,,1.1427,6.66,63.0,Cà Mau
2023,63,Toan,7231,5.6662,,1.6974,8.45,63.0,Cà Mau
2023,63,VatLy,2384,6.0759,,1.5509,13.72,63.0,Cà Mau
2023,64,HoaHoc,1953,6.6787,,1.3525,19.2,,
2023,64,NgoaiNgu,6335,4.4013,,1.5714,3.98,,
2023,64,NguVan,6840,6.6193,,1.0753,12.79,,
2023,64,SinhHoc,1926,6.4546,,1.1856,11.68,,
2023,64,Toan,6685,5.6687,,1.5516,6.28,,
2023,64,VatLy,1938,6.066,,1.4361,10.11,,
2024,1,HoaHoc,29349,6.2195,,1.9085,24.43,1.0,Hà Nội
2024,1,NgoaiNgu,89231,6.2048,,2.1274,28.69,1.0,Hà Nội
2024,1,NguVan,106635,7.759,,1.2287,55.64,1.0,Hà Nội
2024,1,SinhHoc,29000,5.9134,,1.2888,7.0,1.0,Hà Nội
2024,1,Toan,106553,6.7473,,1.5825,27.59,1.0,Hà Nội
2024,1,VatLy,29394,6.8065,,1.731,33.54,1.0,Hà Nội
2024,2,HoaHoc,49453,6.4943,,1.5414,20.57,2.0,Hà Giang
2024,2,NgoaiNgu,73288,6.7347,,1.8009,32.41,2.0,Hà Giang
2024,2,NguVan,85674,6.6551,,1.092,12.62,2.0,Hà Giang
2024,2,SinhHoc,49057,6.2216,,1.2093,8.81,2.0,Hà Giang
2024,2,Toan,86491,6.9836,,1.1961,23.96,2.0,Hà Giang
2024,2,VatLy,49183,6.3404,,1.5899,18.54,2.0,Hà Giang
2024,3,HoaHoc,8072,6.6689,,1.7025,28.57,3.0,Cao Bằng
2024,3,NgoaiNgu,22188,5.9998,,1.9209,21.14,3.0,Cao Bằng
2024,3,NguVan,25346,7.9987,,1.1883,65.86,3.0,Cao Bằng
2024,3,SinhHoc,7989,6.4162,,1.2039,11.35,3.0,Cao Bằng
2024,3,Toan,25400,6.7945,,1.5176,26.96,3.0,Cao Bằng
2024,3,VatLy,8074,7.0187,,1.556,36.03,3.0,Cao Bằng
2024,4,HoaHoc,5895,6.3844,,1.8275,25.72,4.0,Bắc Kạn
2024,4,NgoaiNgu,11376,6.106,,1.9758,23.07,4.0,Bắc Kạn
2024,4,NguVan,13168,6.5669,,1.3651,17.99,4.0,Bắc Kạn
2024,4,SinhHoc,5819,5.6578,,1.3476,7.18,4.0,Bắc Kạn
2024,4,Toan,13230,6.6158,,1.6007,23.1,4.0,Bắc Kạn
2024,4,VatLy,5881,6.6276,,1.6967,27.87,4.0,Bắc Kạn
2024,5,HoaHoc,482,6.3096,,1.4904,15.15,5.0,Tuyên Quang
2024,5,NgoaiNgu,6031,3.9158,,1.5959,3.66,5.0,Tuyên Quang
2024,5,NguVan,6881,6.0527,,1.538,12.43,5.0,Tuyên Quang
2024,5,SinhHoc,468,6.0721,,1.3668,9.83,5.0,Tuyên Quang
2024,5,Toan,6644,4.5847,,1.6464,4.0,5.0,Tuyên Quang
2024,5,VatLy,486,6.0072,,1.7839,17.49,5.0,Tuyên Quang
2024,6,HoaHoc,653,6.4028,,1.6156,20.98,6.0,Lào Cai
2024,6,NgoaiNgu,4499,4.3845,,1.7964,6.78,6.0,Lào Cai
2024,6,NguVan,5383,5.8992,,1.5311,9.9,6.0,Lào Cai
2024,6,SinhHoc,580,6.1194,,1.1902,7.24,6.0,Lào Cai
2024,6,Toan,5115,5.1024,,1.6946,6.37,6.0,Lào Cai
2024,6,VatLy,668,6.4652,,1.6481,23.35,6.0,Lào Cai
2024,7,HoaHoc,817,6.2531,,1.6647,18.73,7.0,Điện Biên
2024,7,NgoaiNgu,3758,4.2492,,1.4088,3.01,7.0,Điện Biên
2024,7,NguVan,4125,6.4651,,1.2997,14.28,7.0,Điện Biên
2024,7,SinhHoc,777,6.3066,,1.171,9.01,7.0,Điện Biên
2024,7,Toan,3979,5.5991,,1.5694,7.67,7.0,Điện Biên
2024,7,VatLy,822,6.2226,,1.7066,20.07,7.0,Điện Biên
2024,8,HoaHoc,1389,6.3083,,1.7953,22.82,8.0,Lai Châu
2024,8,NgoaiNgu,7149,4.782,,1.6751,7.39,8.0,Lai Châu
2024,8,NguVan,8302,7.1763,,1.2713,32.69,8.0,Lai Châu
2024,8,SinhHoc,1364,6.4973,,1.1876,12.1,8.0,Lai Châu
2024,8,Toan,8176,5.9834,,1.557,10.98,8.0,Lai Châu
2024,8,VatLy,1390,6.7047,,1.6502,27.7,8.0,Lai Châu
2024,9,HoaHoc,1157,7.5162,,1.3205,44.17,9.0,Sơn La
2024,9,NgoaiNgu,8132,5.3519,,1.6266,8.98,9.0,Sơn La
2024,9,NguVan,8918,6.5851,,1.2396,14.67,9.0,Sơn La
2024,9,SinhHoc,1129,7.3198,,0.9822,31.0,9.0,Sơn La
2024,9,Toan,8789,6.0875,,1.4149,9.53,9.0,Sơn La
2024,9,VatLy,1155,6.9894,,1.4453,30.65,9.0,Sơn La
2024,10,HoaHoc,1229,6.4483,,1.6849,23.03,10.0,Yên Bái
2024,10,NgoaiNgu,7452,4.6348,,1.7385,7.37,10.0,Yên Bái
2024,10,NguVan,9351,6.7845,,1.5182,26.93,10.0,Yên Bái
2024,10,SinhHoc,1174,6.3273,,1.1736,9.54,10.0,Yên Bái
2024,10,Toan,9222,5.518,,1.6013,7.58,10.0,Yên Bái
2024,10,VatLy,1252,6.5154,,1.6467,24.12,10.0,Yên Bái
2024,11,HoaHoc,290,6.7448,,1.5796,27.93,11.0,Hòa Bình
2024,11,NgoaiNgu,2516,4.2626,,1.6824,5.09,11.0,Hòa Bình
2024,11,NguVan,3133,6.5508,,1.386,18.61,11.0,Hòa Bình
2024,11,SinhHoc,268,6.5802,,1.2223,13.43,11.0,Hòa Bình
2024,11,Toan,2977,5.3303,,1.6272,6.55,11.0,Hòa Bình
2024,11,VatLy,295,6.6017,,1.5534,21.69,11.0,Hòa Bình
2024,12,HoaHoc,3439,6.809,,1.6895,31.67,12.0,Thái Nguyên
2024,12,NgoaiNgu,13204,4.9828,,1.7909,8.93,12.0,Thái Nguyên
2024,12,NguVan,16587,7.1898,,1.2705,34.77,12.0,Thái Nguyên
2024,12,SinhHoc,3392,6.1661,,1.2595,9.58,12.0,Thái Nguyên
2024,12,Toan,16469,5.9488,,1.7302,14.86,12.0,Thái Nguyên
2024,12,VatLy,3426,6.5098,,1.691,25.77,12.0,Thái Nguyên
2024,13,HoaHoc,880,7.0318,,1.6369,36.25,13.0,Lạng Sơn
2024,13,NgoaiNgu,7021,5.1536,,1.6948,9.43,13.0,Lạng Sơn
2024,13,NguVan,8635,6.6472,,1.3953,20.63,13.0,Lạng Sơn
2024,13,SinhHoc,862,6.3965,,1.3801,16.24,13.0,Lạng Sơn
2024,13,Toan,8483,5.6165,,1.6228,9.41,13.0,Lạng Sơn
2024,13,VatLy,885,6.8387,,1.6369,32.54,13.0,Lạng Sơn
2024,14,HoaHoc,1199,6.8084,,1.5339,28.52,14.0,Quảng Ninh
2024,14,NgoaiNgu,10454,4.3848,,1.4324,3.57,14.0,Quảng Ninh
2024,14,NguVan,12471,6.5222,,1.0626,9.47,14.0,Quảng Ninh
2024,14,SinhHoc,1153,6.5703,,1.183,13.53,14.0,Quảng Ninh
2024,14,Toan,11829,5.2406,,1.5321,4.95,14.0,Quảng Ninh
2024,14,VatLy,1191,6.6415,,1.6842,28.55,14.0,Quảng Ninh
2024,15,HoaHoc,3198,7.0524,,1.7213,38.62,15.0,Bắc Giang
2024,15,NgoaiNgu,13556,5.3861,,1.7136,11.68,15.0,Bắc Giang
2024,15,NguVan,16287,7.8709,,1.1295,55.77,15.0,Bắc Giang
2024,15,SinhHoc,3153,6.5396,,1.2708,15.6,15.0,Bắc Giang
2024,15,Toan,16203,6.455,,1.4566,17.66,15.0,Bắc Giang
2024,15,VatLy,3195,7.0616,,1.6647,40.31,15.0,Bắc Giang
2024,16,HoaHoc,3935,7.2527,,1.5824,41.52,16.0,Phú Thọ
2024,16,NgoaiNgu,11587,6.0831,,1.6155,17.1,16.0,Phú Thọ
2024,16,NguVan,15359,7.9211,,0.9986,58.66,16.0,Phú Thọ
2024,16,SinhHoc,3879,7.0023,,1.0738,21.32,16.0,Phú Thọ
2024,16,Toan,15290,6.9496,,1.3308,27.55,16.0,Phú Thọ
2024,16,VatLy,3933,7.4896,,1.3393,48.03,16.0,Phú Thọ
2024,17,HoaHoc,3287,6.4345,,1.7263,24.98,17.0,Vĩnh Phúc
2024,17,NgoaiNgu,14041,5.751,,1.8968,17.19,17.0,Vĩnh Phúc
2024,17,NguVan,17714,7.1837,,1.5356,38.87,17.0,Vĩnh Phúc
2024,17,SinhHoc,3233,6.2327,,1.2386,9.0,17.0,Vĩnh Phúc
2024,17,Toan,17689,6.0754,,1.6776,15.05,17.0,Vĩnh Phúc
2024,17,VatLy,3298,6.9083,,1.6255,34.63,17.0,Vĩnh Phúc
2024,18,HoaHoc,5375,6.7902,,1.7153,31.4,18.0,Bắc Ninh
2024,18,NgoaiNgu,17599,5.4288,,1.7431,11.65,18.0,Bắc Ninh
2024,18,NguVan,21618,7.4955,,1.1032,41.13,18.0,Bắc Ninh
2024,18,SinhHoc,5321,6.2697,,1.2352,10.11,18.0,Bắc Ninh
2024,18,Toan,21601,6.3853,,1.6034,19.57,18.0,Bắc Ninh
2024,18,VatLy,5370,6.9163,,1.6422,34.92,18.0,Bắc Ninh
2024,19,HoaHoc,6218,7.1727,,1.5868,38.39,19.0,Hải Dương
2024,19,NgoaiNgu,15101,5.978,,1.8231,18.88,19.0,Hải Dương
2024,19,NguVan,17493,7.9657,,1.2857,61.7,19.0,Hải Dương
2024,19,SinhHoc,6170,6.2168,,1.2533,8.78,19.0,Hải Dương
2024,19,Toan,17489,7.001,,1.3926,30.24,19.0,Hải Dương
2024,19,VatLy,6225,7.4599,,1.3866,46.89,19.0,Hải Dương
2024,21,HoaHoc,6868,6.7574,,1.7013,30.66,21.0,Hưng Yên
2024,21,NgoaiNgu,18749,5.5239,,1.8467,13.55,21.0,Hưng Yên
2024,21,NguVan,23164,7.751,,1.2251,54.94,21.0,Hưng Yên
2024,21,SinhHoc,6773,6.2809,,1.1827,8.65,21.0,Hưng Yên
2024,21,Toan,23235,6.6428,,1.547,23.77,21.0,Hưng Yên
2024,21,VatLy,6861,7.0091,,1.5827,35.46,21.0,Hưng Yên
2024,22,HoaHoc,4776,6.7118,,1.7729,31.18,22.0,Thái Bình
2024,22,NgoaiNgu,13137,5.2274,,1.8225,10.79,22.0,Thái Bình
2024,22,NguVan,16169,6.8444,,1.4201,26.13,22.0,Thái Bình
2024,22,SinhHoc,4725,5.7751,,1.2722,5.57,22.0,Thái Bình
2024,22,Toan,16201,6.4469,,1.6287,21.12,22.0,Thái Bình
2024,22,VatLy,4776,6.7257,,1.7341,30.49,22.0,Thái Bình
2024,23,HoaHoc,1290,7.0979,,1.6093,38.22,23.0,Hà Nam
2024,23,NgoaiNgu,8437,4.469,,1.668,5.84,23.0,Hà Nam
2024,23,NguVan,9765,7.0029,,1.3314,28.69,23.0,Hà Nam
2024,23,SinhHoc,1263,6.3314,,1.254,11.48,23.0,Hà Nam
2024,23,Toan,9565,5.4337,,1.6974,9.16,23.0,Hà Nam
2024,23,VatLy,1285,6.8597,,1.7115,35.64,23.0,Hà Nam
2024,24,HoaHoc,3197,7.0549,,1.6065,36.32,24.0,Nam Định
2024,24,NgoaiNgu,7625,5.4722,,1.8528,13.53,24.0,Nam Định
2024,24,NguVan,9456,8.0456,,1.1509,66.88,24.0,Nam Định
2024,24,SinhHoc,3154,6.2198,,1.226,8.47,24.0,Nam Định
2024,24,Toan,9447,6.8938,,1.4259,27.27,24.0,Nam Định
2024,24,VatLy,3187,6.9283,,1.6969,36.68,24.0,Nam Định
2024,25,HoaHoc,10414,7.2845,,1.4622,40.58,25.0,Ninh Bình
2024,25,NgoaiNgu,18627,5.8592,,1.6992,14.97,25.0,Ninh Bình
2024,25,NguVan,21544,8.0454,,0.9783,63.43,25.0,Ninh Bình
2024,25,SinhHoc,10319,6.7581,,1.1195,15.67,25.0,Ninh Bình
2024,25,Toan,21653,7.2621,,1.2217,35.79,25.0,Ninh Bình
2024,25,VatLy,10399,7.2387,,1.4202,39.76,25.0,Ninh Bình
2024,26,HoaHoc,9107,6.973,,1.637,34.36,26.0,Thanh Hóa
2024,26,NgoaiNgu,19011,5.6891,,1.7297,13.87,26.0,Thanh Hóa
2024,26,NguVan,22292,7.3101,,1.2044,36.89,26.0,Thanh Hóa
2024,26,SinhHoc,9003,6.4045,,1.185,10.51,26.0,Thanh Hóa
2024,26,Toan,22403,6.9063,,1.4108,27.88,26.0,Thanh Hóa
2024,26,VatLy,9094,6.818,,1.7038,32.82,26.0,Thanh Hóa
2024,27,HoaHoc,3802,7.1713,,1.5145,36.93,27.0,Nghệ An
2024,27,NgoaiNgu,9857,5.8331,,1.6168,13.92,27.0,Nghệ An
2024,27,NguVan,11643,8.1687,,1.0801,70.89,27.0,Nghệ An
2024,27,SinhHoc,3759,6.8406,,1.0655,16.15,27.0,Nghệ An
2024,27,Toan,11594,6.9494,,1.383,28.16,27.0,Nghệ An
2024,27,VatLy,3795,7.2211,,1.5036,41.13,27.0,Nghệ An
2024,28,HoaHoc,9694,6.8742,,1.7882,34.89,28.0,Hà Tĩnh
2024,28,NgoaiNgu,32712,5.0545,,1.8176,10.36,28.0,Hà Tĩnh
2024,28,NguVan,38149,7.995,,1.0278,63.16,28.0,Hà Tĩnh
2024,28,SinhHoc,9526,6.3416,,1.2747,11.65,28.0,Hà Tĩnh
2024,28,Toan,37921,6.1707,,1.7703,19.24,28.0,Hà Tĩnh
2024,28,VatLy,9679,6.8507,,1.7691,35.82,28.0,Hà Tĩnh
2024,29,HoaHoc,9882,7.1971,,1.5136,37.69,29.0,Quảng Bình
2024,29,NgoaiNgu,33522,5.3163,,1.7488,10.75,29.0,Quảng Bình
2024,29,NguVan,36273,8.0429,,1.0036,64.64,29.0,Quảng Bình
2024,29,SinhHoc,9717,6.4836,,1.2585,12.93,29.0,Quảng Bình
2024,29,Toan,36347,6.4435,,1.5365,19.16,29.0,Quảng Bình
2024,29,VatLy,9856,6.9506,,1.6259,35.3,29.0,Quảng Bình
2024,30,HoaHoc,4157,7.3301,,1.5224,42.84,30.0,Quảng Trị
2024,30,NgoaiNgu,13814,5.6566,,1.6309,12.38,30.0,Quảng Trị
2024,30,NguVan,16811,7.8779,,1.0986,57.02,30.0,Quảng Trị
2024,30,SinhHoc,4078,6.6243,,1.2171,15.06,30.0,Quảng Trị
2024,30,Toan,16802,6.5024,,1.506,19.53,30.0,Quảng Trị
2024,30,VatLy,4150,7.231,,1.5338,43.16,30.0,Quảng Trị
2024,31,HoaHoc,2077,7.0599,,1.4273,32.11,31.0,Thừa Thiên Huế
2024,31,NgoaiNgu,10341,5.2399,,1.5936,7.7,31.0,Thừa Thiên Huế
2024,31,NguVan,11081,6.7716,,1.2061,17.62,31.0,Thừa Thiên Huế
2024,31,SinhHoc,2032,6.4518,,1.3174,13.58,31.0,Thừa Thiên Huế
2024,31,Toan,11075,6.1157,,1.3952,10.14,31.0,Thừa Thiên Huế
2024,31,VatLy,2069,6.8018,,1.555,29.29,31.0,Thừa Thiên Huế
2024,32,HoaHoc,2413,6.7181,,1.7123,30.25,32.0,Đà Nẵng
2024,32,NgoaiNgu,7702,4.7321,,1.8525,8.3,32.0,Đà Nẵng
2024,32,NguVan,8210,6.4791,,1.3694,16.26,32.0,Đà Nẵng
2024,32,SinhHoc,2351,5.9556,,1.2524,6.64,32.0,Đà Nẵng
2024,32,Toan,8160,6.0259,,1.6865,15.09,32.0,Đà Nẵng
2024,32,VatLy,2420,6.6298,,1.7027,28.6,32.0,Đà Nẵng
2024,33,HoaHoc,3965,6.9783,,1.6982,36.67,33.0,Quảng Nam
2024,33,NgoaiNgu,11745,5.4087,,1.8793,13.64,33.0,Quảng Nam
2024,33,NguVan,12572,7.2539,,1.2172,33.85,33.0,Quảng Nam
2024,33,SinhHoc,3909,6.0677,,1.3391,10.69,33.0,Quảng Nam
2024,33,Toan,12560,6.5162,,1.5032,20.4,33.0,Quảng Nam
2024,33,VatLy,3919,6.9168,,1.6997,37.15,33.0,Quảng Nam
2024,34,HoaHoc,6073,6.7152,,1.604,27.68,34.0,Quảng Ngãi
2024,34,NgoaiNgu,15770,5.0631,,1.7044,7.96,34.0,Quảng Ngãi
2024,34,NguVan,17119,6.3828,,1.4151,14.43,34.0,Quảng Ngãi
2024,34,SinhHoc,6009,5.9748,,1.2324,7.32,34.0,Quảng Ngãi
2024,34,Toan,16864,6.2627,,1.6002,16.44,34.0,Quảng Ngãi
2024,34,VatLy,6055,6.7451,,1.593,29.07,34.0,Quảng Ngãi
2024,35,HoaHoc,5273,6.8444,,1.5465,29.03,35.0,Bình Định
2024,35,NgoaiNgu,12626,5.5124,,1.6525,10.31,35.0,Bình Định
2024,35,NguVan,14266,6.9704,,1.5614,32.95,35.0,Bình Định
2024,35,SinhHoc,5232,5.7559,,1.2122,4.45,35.0,Bình Định
2024,35,Toan,14107,6.3544,,1.5992,17.65,35.0,Bình Định
2024,35,VatLy,5265,6.7239,,1.5605,27.27,35.0,Bình Định
2024,36,HoaHoc,1528,6.7628,,1.5323,27.75,36.0,Phú Yên
2024,36,NgoaiNgu,4534,4.8561,,1.8235,9.09,36.0,Phú Yên
2024,36,NguVan,4968,6.7183,,1.2635,18.12,36.0,Phú Yên
2024,36,SinhHoc,1496,6.3143,,1.2409,11.3,36.0,Phú Yên
2024,36,Toan,4877,6.1053,,1.5613,13.76,36.0,Phú Yên
2024,36,VatLy,1535,6.7568,,1.5746,29.19,36.0,Phú Yên
2024,37,HoaHoc,6532,6.842,,1.5036,27.88,37.0,Khánh Hòa
2024,37,NgoaiNgu,17852,5.6543,,1.6116,10.84,37.0,Khánh Hòa
2024,37,NguVan,19219,6.6501,,1.2222,15.09,37.0,Khánh Hòa
2024,37,SinhHoc,6484,6.3404,,1.1794,9.75,37.0,Khánh Hòa
2024,37,Toan,19179,6.5289,,1.4422,17.92,37.0,Khánh Hòa
2024,37,VatLy,6540,6.847,,1.481,29.16,37.0,Khánh Hòa
2024,38,HoaHoc,4896,6.5921,,1.6601,25.59,38.0,Ninh Thuận
2024,38,NgoaiNgu,14216,4.94,,1.7252,8.15,38.0,Ninh Thuận
2024,38,NguVan,15026,6.4923,,1.4361,18.02,38.0,Ninh Thuận
2024,38,SinhHoc,4817,6.1478,,1.1832,7.49,38.0,Ninh Thuận
2024,38,Toan,14828,6.0467,,1.6332,13.97,38.0,Ninh Thuận
2024,38,VatLy,4881,6.5514,,1.7185,27.62,38.0,Ninh Thuận
2024,39,HoaHoc,3222,6.6205,,1.6285,25.51,39.0,Bình Thuận
2024,39,NgoaiNgu,9875,4.9859,,1.7786,8.62,39.0,Bình Thuận
2024,39,NguVan,10523,6.5861,,1.2737,15.83,39.0,Bình Thuận
2024,39,SinhHoc,3174,6.0099,,1.2299,6.84,39.0,Bình Thuận
2024,39,Toan,10425,6.3023,,1.5158,14.44,39.0,Bình Thuận
2024,39,VatLy,3214,6.3326,,1.7259,21.9,39.0,Bình Thuận
2024,40,HoaHoc,6276,6.4318,,1.754,24.73,40.0,Kon Tum
2024,40,NgoaiNgu,18925,4.6535,,1.8202,7.84,40.0,Kon Tum
2024,40,NguVan,20590,6.5836,,1.3937,18.3,40.0,Kon Tum
2024,40,SinhHoc,6172,5.8315,,1.3074,6.92,40.0,Kon Tum
2024,40,Toan,20578,5.8012,,1.7774,12.83,40.0,Kon Tum
2024,40,VatLy,6277,6.2489,,1.789,21.71,40.0,Kon Tum
2024,41,HoaHoc,5992,6.3278,,1.7086,22.05,41.0,Gia Lai
2024,41,NgoaiNgu,12227,5.5191,,1.9403,14.71,41.0,Gia Lai
2024,41,NguVan,14253,7.2824,,1.2876,36.77,41.0,Gia Lai
2024,41,SinhHoc,5942,5.9789,,1.2199,5.99,41.0,Gia Lai
2024,41,Toan,14249,6.347,,1.5883,17.02,41.0,Gia Lai
2024,41,VatLy,6000,6.3543,,1.6636,20.55,41.0,Gia Lai
2024,42,HoaHoc,5472,6.7259,,1.4408,23.1,42.0,Đắk Lắk
2024,42,NgoaiNgu,14280,5.6116,,1.7155,13.08,42.0,Đắk Lắk
2024,42,NguVan,15223,6.91,,1.0476,18.27,42.0,Đắk Lắk
2024,42,SinhHoc,5416,6.5526,,1.1094,11.37,42.0,Đắk Lắk
2024,42,Toan,15223,6.5161,,1.3491,15.76,42.0,Đắk Lắk
2024,42,VatLy,5461,6.6638,,1.446,22.71,42.0,Đắk Lắk
2024,43,HoaHoc,4215,6.6009,,1.6145,24.25,43.0,Đắk Nông
2024,43,NgoaiNgu,10482,5.2719,,1.6331,8.84,43.0,Đắk Nông
2024,43,NguVan,11196,6.759,,1.2057,17.21,43.0,Đắk Nông
2024,43,SinhHoc,4156,6.319,,1.1947,9.36,43.0,Đắk Nông
2024,43,Toan,11153,6.4262,,1.4633,16.03,43.0,Đắk Nông
2024,43,VatLy,4219,6.6903,,1.5752,25.95,43.0,Đắk Nông
2024,44,HoaHoc,7494,7.1368,,1.3536,31.51,44.0,Lâm Đồng
2024,44,NgoaiNgu,12316,6.6528,,1.5631,25.49,44.0,Lâm Đồng
2024,44,NguVan,15062,7.4616,,0.9094,36.01,44.0,Lâm Đồng
2024,44,SinhHoc,7415,6.7714,,1.0566,13.77,44.0,Lâm Đồng
2024,44,Toan,15041,7.1324,,1.1069,25.69,44.0,Lâm Đồng
2024,44,VatLy,7485,7.046,,1.3805,30.77,44.0,Lâm Đồng
2024,45,HoaHoc,1863,6.4791,,1.5601,20.56,45.0,Bình Phước
2024,45,NgoaiNgu,5741,4.9313,,1.8303,8.33,45.0,Bình Phước
2024,45,NguVan,6232,6.1182,,1.201,6.4,45.0,Bình Phước
2024,45,SinhHoc,1850,6.0619,,1.1862,6.27,45.0,Bình Phước
2024,45,Toan,6193,5.9893,,1.6207,11.66,45.0,Bình Phước
2024,45,VatLy,1858,6.4136,,1.6549,21.58,45.0,Bình Phước
2024,46,HoaHoc,4090,6.4816,,1.5409,20.15,46.0,Tây Ninh
2024,46,NgoaiNgu,9359,5.1458,,1.6913,8.09,46.0,Tây Ninh
2024,46,NguVan,10376,6.7808,,1.1158,15.4,46.0,Tây Ninh
2024,46,SinhHoc,4052,6.2319,,1.176,7.65,46.0,Tây Ninh
2024,46,Toan,10304,6.2845,,1.4456,12.53,46.0,Tây Ninh
2024,46,VatLy,4070,6.3666,,1.5604,18.57,46.0,Tây Ninh
2024,47,HoaHoc,4130,6.6976,,1.4552,23.03,47.0,Bình Dương
2024,47,NgoaiNgu,12286,5.2092,,1.7385,9.27,47.0,Bình Dương
2024,47,NguVan,13037,6.8807,,1.1487,19.77,47.0,Bình Dương
2024,47,SinhHoc,4076,6.403,,1.1277,8.73,47.0,Bình Dương
2024,47,Toan,12922,6.3577,,1.4173,12.74,47.0,Bình Dương
2024,47,VatLy,4125,6.6856,,1.4937,23.22,47.0,Bình Dương
2024,48,HoaHoc,11939,6.4493,,1.5372,19.39,48.0,Đồng Nai
2024,48,NgoaiNgu,27160,5.6679,,1.8621,15.46,48.0,Đồng Nai
2024,48,NguVan,33488,6.7023,,1.3143,19.3,48.0,Đồng Nai
2024,48,SinhHoc,11820,6.046,,1.2098,6.26,48.0,Đồng Nai
2024,48,Toan,33513,6.342,,1.4806,14.09,48.0,Đồng Nai
2024,48,VatLy,11926,6.4581,,1.549,20.39,48.0,Đồng Nai
2024,49,HoaHoc,7654,6.7049,,1.4358,22.15,49.0,Bà Rịa - Vũng Tàu
2024,49,NgoaiNgu,14138,5.4285,,1.6034,8.6,49.0,Bà Rịa - Vũng Tàu
2024,49,NguVan,15654,6.8038,,1.0961,16.39,49.0,Bà Rịa - Vũng Tàu
2024,49,SinhHoc,7604,6.4078,,1.1414,9.73,49.0,Bà Rịa - Vũng Tàu
2024,49,Toan,15501,6.5851,,1.286,14.95,49.0,Bà Rịa - Vũng Tàu
2024,49,VatLy,7647,6.4338,,1.5093,18.12,49.0,Bà Rịa - Vũng Tàu
2024,50,HoaHoc,6009,6.6474,,1.4733,21.82,50.0,TP. Hồ Chí Minh
2024,50,NgoaiNgu,14626,5.1759,,1.5619,7.06,50.0,TP. Hồ Chí Minh
2024,50,NguVan,16326,7.3236,,1.041,33.14,50.0,TP. Hồ Chí Minh
2024,50,SinhHoc,5949,6.4306,,1.1768,11.03,50.0,TP. Hồ Chí Minh
2024,50,Toan,16241,6.4217,,1.3574,13.42,50.0,TP. Hồ Chí Minh
2024,50,VatLy,5977,6.2501,,1.5813,17.03,50.0,TP. Hồ Chí Minh
2024,51,HoaHoc,7379,6.8172,,1.425,24.89,51.0,Long An
2024,51,NgoaiNgu,18506,5.5245,,1.5613,9.41,51.0,Long An
2024,51,NguVan,20084,7.7161,,1.0621,50.38,51.0,Long An
2024,51,SinhHoc,7325,6.7022,,1.1208,14.91,51.0,Long An
2024,51,Toan,19899,6.5836,,1.288,14.9,51.0,Long An
2024,51,VatLy,7354,6.7646,,1.4219,24.2,51.0,Long An
2024,52,HoaHoc,6712,6.3553,,1.5585,18.04,52.0,Tiền Giang
2024,52,NgoaiNgu,11442,6.2226,,1.7949,22.71,52.0,Tiền Giang
2024,52,NguVan,12542,7.4038,,1.0588,36.54,52.0,Tiền Giang
2024,52,SinhHoc,6676,6.1331,,1.1625,6.16,52.0,Tiền Giang
2024,52,Toan,12506,6.8888,,1.2064,21.32,52.0,Tiền Giang
2024,52,VatLy,6713,6.4823,,1.5388,20.2,52.0,Tiền Giang
2024,53,HoaHoc,7632,6.8316,,1.4467,25.89,53.0,Bến Tre
2024,53,NgoaiNgu,15220,5.3981,,1.6763,9.73,53.0,Bến Tre
2024,53,NguVan,16137,7.6831,,1.0598,47.86,53.0,Bến Tre
2024,53,SinhHoc,7591,6.3963,,1.1188,8.48,53.0,Bến Tre
2024,53,Toan,16070,6.7349,,1.2274,16.85,53.0,Bến Tre
2024,53,VatLy,7601,6.6072,,1.4529,21.48,53.0,Bến Tre
2024,54,HoaHoc,4228,6.4083,,1.539,18.4,54.0,Trà Vinh
2024,54,NgoaiNgu,13012,5.0724,,1.5427,6.36,54.0,Trà Vinh
2024,54,NguVan,14890,7.3675,,1.0563,35.8,54.0,Trà Vinh
2024,54,SinhHoc,4176,6.5417,,1.1526,12.16,54.0,Trà Vinh
2024,54,Toan,14683,6.08,,1.5059,10.79,54.0,Trà Vinh
2024,54,VatLy,4205,6.2335,,1.6144,17.12,54.0,Trà Vinh
2024,55,HoaHoc,5143,6.8148,,1.6159,29.4,55.0,Vĩnh Long
2024,55,NgoaiNgu,11008,5.4348,,1.8275,12.86,55.0,Vĩnh Long
2024,55,NguVan,12376,6.9598,,1.2163,23.99,55.0,Vĩnh Long
2024,55,SinhHoc,5066,6.5514,,1.3082,17.53,55.0,Vĩnh Long
2024,55,Toan,12524,6.4923,,1.4921,18.78,55.0,Vĩnh Long
2024,55,VatLy,4895,6.4445,,1.6545,21.8,55.0,Vĩnh Long
2024,56,HoaHoc,4090,6.8911,,1.419,27.16,56.0,Đồng Tháp
2024,56,NgoaiNgu,9983,5.1832,,1.6388,7.46,56.0,Đồng Tháp
2024,56,NguVan,12050,6.5207,,1.1278,11.49,56.0,Đồng Tháp
2024,56,SinhHoc,4050,6.6214,,1.1031,12.44,56.0,Đồng Tháp
2024,56,Toan,11981,6.4605,,1.2934,12.92,56.0,Đồng Tháp
2024,56,VatLy,4077,6.4919,,1.4795,18.98,56.0,Đồng Tháp
2024,57,HoaHoc,3453,6.8927,,1.46,28.0,57.0,An Giang
2024,57,NgoaiNgu,9560,5.4859,,1.467,7.87,57.0,An Giang
2024,57,NguVan,10842,6.4367,,1.1104,8.08,57.0,An Giang
2024,57,SinhHoc,3423,7.0117,,1.0343,20.8,57.0,An Giang
2024,57,Toan,10746,6.5916,,1.2644,14.43,57.0,An Giang
2024,57,VatLy,3436,6.7741,,1.4044,24.24,57.0,An Giang
2024,58,HoaHoc,2272,6.469,,1.5258,20.16,58.0,Kiên Giang
2024,58,NgoaiNgu,8877,4.6929,,1.5479,4.56,58.0,Kiên Giang
2024,58,NguVan,9606,8.0939,,0.9848,66.0,58.0,Kiên Giang
2024,58,SinhHoc,2255,6.6044,,1.1429,13.17,58.0,Kiên Giang
2024,58,Toan,9494,5.7718,,1.4635,6.72,58.0,Kiên Giang
2024,58,VatLy,2259,6.0208,,1.6335,13.9,58.0,Kiên Giang
2024,59,HoaHoc,2633,6.2879,,1.5956,17.01,59.0,Cần Thơ
2024,59,NgoaiNgu,9833,4.6756,,1.6485,5.59,59.0,Cần Thơ
2024,59,NguVan,10577,7.8005,,1.0731,54.22,59.0,Cần Thơ
2024,59,SinhHoc,2608,6.3799,,1.2188,11.08,59.0,Cần Thơ
2024,59,Toan,10450,5.832,,1.5477,8.35,59.0,Cần Thơ
2024,59,VatLy,2626,6.169,,1.6205,15.61,59.0,Cần Thơ
2024,60,HoaHoc,2379,6.7004,,1.5827,24.8,60.0,Hậu Giang
2024,60,NgoaiNgu,5829,5.0849,,1.5924,7.07,60.0,Hậu Giang
2024,60,NguVan,6291,7.3896,,0.9083,32.19,60.0,Hậu Giang
2024,60,SinhHoc,2327,6.6746,,1.1192,14.4,60.0,Hậu Giang
2024,60,Toan,6192,6.5795,,1.2606,15.25,60.0,Hậu Giang
2024,60,VatLy,2376,6.5392,,1.5682,22.39,60.0,Hậu Giang
2024,61,HoaHoc,4625,6.0324,,1.682,15.42,61.0,Sóc Trăng
2024,61,NgoaiNgu,9717,4.8197,,1.5401,5.0,61.0,Sóc Trăng
2024,61,NguVan,10044,6.6359,,1.1698,14.64,61.0,Sóc Trăng
2024,61,SinhHoc,4579,6.2897,,1.2706,10.44,61.0,Sóc Trăng
2024,61,Toan,10017,6.1405,,1.488,11.34,61.0,Sóc Trăng
2024,61,VatLy,4611,5.9895,,1.6861,14.81,61.0,Sóc Trăng
2024,62,HoaHoc,884,6.6374,,1.7166,26.24,62.0,Bạc Liêu
2024,62,NgoaiNgu,6107,4.1318,,1.38,2.73,62.0,Bạc Liêu
2024,62,NguVan,7121,6.5721,,1.1851,14.42,62.0,Bạc Liêu
2024,62,SinhHoc,831,6.1206,,1.2742,9.39,62.0,Bạc Liêu
2024,62,Toan,6697,5.2789,,1.5527,5.99,62.0,Bạc Liêu
2024,62,VatLy,884,6.2588,,1.7314,20.7,62.0,Bạc Liêu
2024,63,HoaHoc,2445,6.3449,,1.6803,21.27,63.0,Cà Mau
2024,63,NgoaiNgu,7059,4.3483,,1.6613,4.93,63.0,Cà Mau
2024,63,NguVan,7558,6.5111,,1.1857,12.62,63.0,Cà Mau
2024,63,SinhHoc,2390,5.9681,,1.2421,6.36,63.0,Cà Mau
2024,63,Toan,7502,5.8395,,1.6106,10.53,63.0,Cà Mau
2024,63,VatLy,2429,6.214,,1.6867,17.54,63.0,Cà Mau
2024,64,HoaHoc,2015,6.653,,1.4929,23.08,,
2024,64,NgoaiNgu,6674,4.5486,,1.5298,3.66,,
2024,64,NguVan,7196,6.9076,,1.0213,17.44,,
2024,64,SinhHoc,1985,6.3931,,1.1707,10.03,,
2024,64,Toan,7061,5.8825,,1.4833,7.59,,
2024,64,VatLy,1997,6.1595,,1.6161,14.92,,
2025,1,HoaHoc,16990,6.4535,,1.8408,26.22,1.0,Hà Nội
2025,1,NgoaiNgu,60962,5.8173,,1.5846,10.93,1.0,Hà Nội
2025,1,NguVan,120258,7.6258,,1.2462,50.31,1.0,Hà Nội
2025,1,SinhHoc,3681,6.37,,1.606,20.7,1.0,Hà Nội
2025,1,Toan,120277,5.2753,,1.7866,9.17,1.0,Hà Nội
2025,1,VatLy,34042,7.2243,,1.5452,37.79,1.0,Hà Nội
2025,2,HoaHoc,27166,5.9046,,1.8374,17.56,2.0,Hà Giang
2025,2,NgoaiNgu,49066,5.7041,,1.4687,8.23,2.0,Hà Giang
2025,2,NguVan,96190,7.1408,,0.9977,23.58,2.0,Hà Giang
2025,2,SinhHoc,8008,6.2662,,1.5173,16.06,2.0,Hà Giang
2025,2,Toan,96488,5.2519,,1.5262,6.27,2.0,Hà Giang
2025,2,VatLy,42434,6.9573,,1.4493,28.54,2.0,Hà Giang
2025,3,HoaHoc,4786,6.3478,,1.7827,23.49,3.0,Cao Bằng
2025,3,NgoaiNgu,12835,5.4603,,1.4905,6.24,3.0,Cao Bằng
2025,3,NguVan,28721,6.9423,,1.2626,23.87,3.0,Cao Bằng
2025,3,SinhHoc,657,6.3264,,1.649,20.4,3.0,Cao Bằng
2025,3,Toan,28752,5.1953,,1.7427,7.83,3.0,Cao Bằng
2025,3,VatLy,9194,7.2104,,1.5026,36.7,3.0,Cao Bằng
2025,4,HoaHoc,3535,6.3372,,1.8746,25.09,4.0,Bắc Kạn
2025,4,NgoaiNgu,7201,5.4073,,1.4379,5.35,4.0,Bắc Kạn
2025,4,NguVan,13923,5.5976,,1.2756,2.82,4.0,Bắc Kạn
2025,4,SinhHoc,744,6.4462,,1.6128,20.56,4.0,Bắc Kạn
2025,4,Toan,13964,5.1749,,1.6927,7.87,4.0,Bắc Kạn
2025,4,VatLy,6174,7.0264,,1.5762,33.07,4.0,Bắc Kạn
2025,5,HoaHoc,603,5.2284,,1.7025,8.29,5.0,Tuyên Quang
2025,5,NgoaiNgu,846,4.9707,,1.5403,4.02,5.0,Tuyên Quang
2025,5,NguVan,7108,5.9613,,1.5481,11.83,5.0,Tuyên Quang
2025,5,SinhHoc,1097,4.2537,,1.2238,0.55,5.0,Tuyên Quang
2025,5,Toan,7047,3.4489,,1.368,0.88,5.0,Tuyên Quang
2025,5,VatLy,808,6.2527,,1.5791,17.7,5.0,Tuyên Quang
2025,6,HoaHoc,499,5.6891,,1.8347,15.03,6.0,Lào Cai
2025,6,NgoaiNgu,798,5.0818,,1.537,4.64,6.0,Lào Cai
2025,6,NguVan,4947,5.9927,,1.4841,10.49,6.0,Lào Cai
2025,6,SinhHoc,359,4.7765,,1.296,2.79,6.0,Lào Cai
2025,6,Toan,4826,3.7071,,1.4852,1.62,6.0,Lào Cai
2025,6,VatLy,848,6.277,,1.6035,17.81,6.0,Lào Cai
2025,7,HoaHoc,844,5.0911,,1.7674,7.94,7.0,Điện Biên
2025,7,NgoaiNgu,456,5.0225,,1.5046,4.17,7.0,Điện Biên
2025,7,NguVan,4209,6.3615,,1.3085,12.83,7.0,Điện Biên
2025,7,SinhHoc,637,4.7104,,1.3112,1.41,7.0,Điện Biên
2025,7,Toan,4178,4.0657,,1.371,1.46,7.0,Điện Biên
2025,7,VatLy,792,6.4017,,1.5155,19.44,7.0,Điện Biên
2025,8,HoaHoc,1167,5.58,,1.7975,12.6,8.0,Lai Châu
2025,8,NgoaiNgu,1665,5.3844,,1.6493,7.69,8.0,Lai Châu
2025,8,NguVan,8967,6.8561,,1.3014,23.05,8.0,Lai Châu
2025,8,SinhHoc,763,5.3127,,1.5641,6.42,8.0,Lai Châu
2025,8,Toan,8926,4.1636,,1.5484,2.49,8.0,Lai Châu
2025,8,VatLy,1480,6.8244,,1.5366,27.57,8.0,Lai Châu
2025,9,HoaHoc,1358,6.3507,,1.7065,21.13,9.0,Sơn La
2025,9,NgoaiNgu,1565,5.395,,1.5328,6.65,9.0,Sơn La
2025,9,NguVan,9805,6.7807,,1.1408,16.82,9.0,Sơn La
2025,9,SinhHoc,1138,5.1973,,1.427,4.92,9.0,Sơn La
2025,9,Toan,9756,4.4838,,1.516,3.85,9.0,Sơn La
2025,9,VatLy,1720,7.1584,,1.4017,32.44,9.0,Sơn La
2025,10,HoaHoc,1124,6.0326,,1.7828,18.06,10.0,Yên Bái
2025,10,NgoaiNgu,1507,5.4822,,1.708,9.95,10.0,Yên Bái
2025,10,NguVan,9556,6.3093,,1.3831,11.17,10.0,Yên Bái
2025,10,SinhHoc,471,5.5916,,1.502,7.43,10.0,Yên Bái
2025,10,Toan,9517,3.9386,,1.5237,2.35,10.0,Yên Bái
2025,10,VatLy,1638,6.6971,,1.5111,24.3,10.0,Yên Bái
2025,11,HoaHoc,270,5.7698,,1.8208,17.78,11.0,Hòa Bình
2025,11,NgoaiNgu,392,5.3954,,1.5995,7.4,11.0,Hòa Bình
2025,11,NguVan,3097,6.7829,,1.2682,19.6,11.0,Hòa Bình
2025,11,SinhHoc,211,5.3768,,1.4401,6.64,11.0,Hòa Bình
2025,11,Toan,3065,3.7769,,1.3788,1.27,11.0,Hòa Bình
2025,11,VatLy,408,6.3941,,1.5376,18.63,11.0,Hòa Bình
2025,12,HoaHoc,3233,6.0892,,1.8206,19.08,12.0,Thái Nguyên
2025,12,NgoaiNgu,4113,5.2363,,1.5133,5.32,12.0,Thái Nguyên
2025,12,NguVan,18426,6.7757,,1.3175,21.17,12.0,Thái Nguyên
2025,12,SinhHoc,947,5.7422,,1.5154,8.76,12.0,Thái Nguyên
2025,12,Toan,18504,4.4304,,1.732,4.31,12.0,Thái Nguyên
2025,12,VatLy,3918,6.941,,1.5077,30.35,12.0,Thái Nguyên
2025,13,HoaHoc,953,6.1931,,1.7788,20.78,13.0,Lạng Sơn
2025,13,NgoaiNgu,1845,5.1642,,1.5432,4.82,13.0,Lạng Sơn
2025,13,NguVan,9095,6.8169,,1.3273,23.27,13.0,Lạng Sơn
2025,13,SinhHoc,885,4.976,,1.4885,4.86,13.0,Lạng Sơn
2025,13,Toan,9048,4.0045,,1.5734,2.53,13.0,Lạng Sơn
2025,13,VatLy,1202,6.8743,,1.6309,31.7,13.0,Lạng Sơn
2025,14,HoaHoc,1329,5.6862,,1.8885,15.27,14.0,Quảng Ninh
2025,14,NgoaiNgu,1082,5.3119,,1.5144,5.18,14.0,Quảng Ninh
2025,14,NguVan,12560,5.7915,,1.1386,2.17,14.0,Quảng Ninh
2025,14,SinhHoc,1346,4.7828,,1.4029,3.05,14.0,Quảng Ninh
2025,14,Toan,12380,3.629,,1.3889,1.4,14.0,Quảng Ninh
2025,14,VatLy,1424,6.6496,,1.5821,25.42,14.0,Quảng Ninh
2025,15,HoaHoc,2813,6.3839,,1.912,26.06,15.0,Bắc Giang
2025,15,NgoaiNgu,5012,5.3971,,1.414,4.85,15.0,Bắc Giang
2025,15,NguVan,18458,7.2089,,1.1425,31.28,15.0,Bắc Giang
2025,15,SinhHoc,979,5.7427,,1.5946,10.11,15.0,Bắc Giang
2025,15,Toan,18451,4.8208,,1.6506,5.86,15.0,Bắc Giang
2025,15,VatLy,3599,7.3029,,1.5249,40.46,15.0,Bắc Giang
2025,16,HoaHoc,3150,6.7074,,1.7769,30.16,16.0,Phú Thọ
2025,16,NgoaiNgu,5633,5.5608,,1.338,5.15,16.0,Phú Thọ
2025,16,NguVan,16202,7.774,,0.8748,50.19,16.0,Phú Thọ
2025,16,SinhHoc,540,6.6082,,1.493,21.85,16.0,Phú Thọ
2025,16,Toan,16201,5.4503,,1.7737,12.02,16.0,Phú Thọ
2025,16,VatLy,4770,7.5046,,1.4375,44.65,16.0,Phú Thọ
2025,17,HoaHoc,2201,6.3682,,1.725,23.58,17.0,Vĩnh Phúc
2025,17,NgoaiNgu,6138,5.5863,,1.593,9.07,17.0,Vĩnh Phúc
2025,17,NguVan,19434,7.1097,,1.4407,34.6,17.0,Vĩnh Phúc
2025,17,SinhHoc,741,6.0252,,1.5528,13.09,17.0,Vĩnh Phúc
2025,17,Toan,19433,4.5491,,1.6565,4.47,17.0,Vĩnh Phúc
2025,17,VatLy,3821,7.2314,,1.4531,36.82,17.0,Vĩnh Phúc
2025,18,HoaHoc,4383,6.2366,,1.8123,21.93,18.0,Bắc Ninh
2025,18,NgoaiNgu,6043,5.2783,,1.466,5.03,18.0,Bắc Ninh
2025,18,NguVan,23576,7.0951,,1.0375,23.32,18.0,Bắc Ninh
2025,18,SinhHoc,763,6.2736,,1.5989,17.82,18.0,Bắc Ninh
2025,18,Toan,23593,4.728,,1.736,6.05,18.0,Bắc Ninh
2025,18,VatLy,6676,6.9337,,1.5856,31.44,18.0,Bắc Ninh
2025,19,HoaHoc,4767,6.5599,,1.7814,27.0,19.0,Hải Dương
2025,19,NgoaiNgu,5957,5.432,,1.478,5.76,19.0,Hải Dương
2025,19,NguVan,19309,6.585,,1.2636,14.52,19.0,Hải Dương
2025,19,SinhHoc,450,6.7012,,1.6914,29.33,19.0,Hải Dương
2025,19,Toan,19308,5.1924,,1.8254,10.4,19.0,Hải Dương
2025,19,VatLy,6857,7.4057,,1.4846,42.0,19.0,Hải Dương
2025,21,HoaHoc,5313,6.4429,,1.7745,25.03,21.0,Hưng Yên
2025,21,NgoaiNgu,7752,5.4473,,1.3906,5.06,21.0,Hưng Yên
2025,21,NguVan,26387,7.1273,,1.2686,31.33,21.0,Hưng Yên
2025,21,SinhHoc,707,6.2851,,1.6151,16.97,21.0,Hưng Yên
2025,21,Toan,26404,5.0284,,1.7574,7.68,21.0,Hưng Yên
2025,21,VatLy,8468,7.1398,,1.527,35.55,21.0,Hưng Yên
2025,22,HoaHoc,3630,6.3175,,1.7956,22.51,22.0,Thái Bình
2025,22,NgoaiNgu,4608,5.1797,,1.5016,4.32,22.0,Thái Bình
2025,22,NguVan,17928,6.6782,,1.412,21.01,22.0,Thái Bình
2025,22,SinhHoc,820,5.737,,1.679,10.85,22.0,Thái Bình
2025,22,Toan,17926,4.7967,,1.7392,6.58,22.0,Thái Bình
2025,22,VatLy,5279,7.0362,,1.5516,33.28,22.0,Thái Bình
2025,23,HoaHoc,1317,5.9345,,1.8471,18.07,23.0,Hà Nam
2025,23,NgoaiNgu,1440,5.3859,,1.6764,8.26,23.0,Hà Nam
2025,23,NguVan,10530,6.3726,,1.3089,12.02,23.0,Hà Nam
2025,23,SinhHoc,806,5.076,,1.4421,4.34,23.0,Hà Nam
2025,23,Toan,10488,3.9107,,1.616,2.93,23.0,Hà Nam
2025,23,VatLy,1552,6.8578,,1.5756,29.06,23.0,Hà Nam
2025,24,HoaHoc,2500,6.3662,,1.7947,23.64,24.0,Nam Định
2025,24,NgoaiNgu,3225,5.3339,,1.4034,4.43,24.0,Nam Định
2025,24,NguVan,10176,7.0484,,1.2534,26.37,24.0,Nam Định
2025,24,SinhHoc,390,5.9928,,1.5365,12.56,24.0,Nam Định
2025,24,Toan,10172,5.1696,,1.7231,7.8,24.0,Nam Định
2025,24,VatLy,3310,7.3871,,1.5265,42.57,24.0,Nam Định
2025,25,HoaHoc,9080,6.4504,,1.7764,24.93,25.0,Ninh Bình
2025,25,NgoaiNgu,7125,5.3553,,1.3847,4.69,25.0,Ninh Bình
2025,25,NguVan,23175,7.0019,,0.9854,19.02,25.0,Ninh Bình
2025,25,SinhHoc,1259,5.9919,,1.5272,12.07,25.0,Ninh Bình
2025,25,Toan,23209,5.6418,,1.6749,11.28,25.0,Ninh Bình
2025,25,VatLy,11068,7.2951,,1.487,38.64,25.0,Ninh Bình
2025,26,HoaHoc,6200,6.17,,1.8659,21.85,26.0,Thanh Hóa
2025,26,NgoaiNgu,7189,5.3268,,1.3931,4.35,26.0,Thanh Hóa
2025,26,NguVan,23706,6.9998,,1.1897,24.09,26.0,Thanh Hóa
2025,26,SinhHoc,1076,5.825,,1.6406,13.01,26.0,Thanh Hóa
2025,26,Toan,23789,5.1717,,1.714,8.48,26.0,Thanh Hóa
2025,26,VatLy,8160,7.0614,,1.5892,34.23,26.0,Thanh Hóa
2025,27,HoaHoc,2892,6.5014,,1.8056,26.45,27.0,Nghệ An
2025,27,NgoaiNgu,3571,5.3836,,1.3748,4.37,27.0,Nghệ An
2025,27,NguVan,12288,6.6604,,1.1545,12.72,27.0,Nghệ An
2025,27,SinhHoc,468,6.4905,,1.4843,19.02,27.0,Nghệ An
2025,27,Toan,12288,5.1552,,1.7367,8.57,27.0,Nghệ An
2025,27,VatLy,3581,7.3783,,1.4723,40.99,27.0,Nghệ An
2025,28,HoaHoc,8444,5.9955,,1.976,20.97,28.0,Hà Tĩnh
2025,28,NgoaiNgu,9522,5.3168,,1.4454,4.57,28.0,Hà Tĩnh
2025,28,NguVan,40250,7.6089,,1.1107,48.06,28.0,Hà Tĩnh
2025,28,SinhHoc,2140,5.6146,,1.7547,12.62,28.0,Hà Tĩnh
2025,28,Toan,40105,4.6038,,1.8656,7.44,28.0,Hà Tĩnh
2025,28,VatLy,9967,6.989,,1.7108,34.75,28.0,Hà Tĩnh
2025,29,HoaHoc,8470,6.3083,,1.8248,23.25,29.0,Quảng Bình
2025,29,NgoaiNgu,8221,5.4303,,1.4952,6.42,29.0,Quảng Bình
2025,29,NguVan,39062,8.0351,,0.9776,64.81,29.0,Quảng Bình
2025,29,SinhHoc,3437,5.3493,,1.6196,8.76,29.0,Quảng Bình
2025,29,Toan,39010,4.8167,,1.7345,6.88,29.0,Quảng Bình
2025,29,VatLy,9702,7.2152,,1.5991,38.75,29.0,Quảng Bình
2025,30,HoaHoc,3150,6.737,,1.7213,29.02,30.0,Quảng Trị
2025,30,NgoaiNgu,4363,5.3324,,1.396,4.9,30.0,Quảng Trị
2025,30,NguVan,16894,7.9135,,1.01,60.4,30.0,Quảng Trị
2025,30,SinhHoc,885,6.1853,,1.6216,17.97,30.0,Quảng Trị
2025,30,Toan,16886,4.8466,,1.6925,6.4,30.0,Quảng Trị
2025,30,VatLy,4116,7.3655,,1.4716,41.52,30.0,Quảng Trị
2025,31,HoaHoc,1795,6.0495,,1.7717,17.49,31.0,Thừa Thiên Huế
2025,31,NgoaiNgu,1900,5.2664,,1.4418,4.26,31.0,Thừa Thiên Huế
2025,31,NguVan,11525,6.8994,,1.2061,22.03,31.0,Thừa Thiên Huế
2025,31,SinhHoc,867,5.1409,,1.5131,4.96,31.0,Thừa Thiên Huế
2025,31,Toan,11517,4.437,,1.4161,2.56,31.0,Thừa Thiên Huế
2025,31,VatLy,2479,6.7574,,1.5553,25.82,31.0,Thừa Thiên Huế
2025,32,HoaHoc,1771,6.2589,,1.8341,22.7,32.0,Đà Nẵng
2025,32,NgoaiNgu,2210,5.259,,1.4345,4.62,32.0,Đà Nẵng
2025,32,NguVan,8848,7.1453,,1.2723,31.65,32.0,Đà Nẵng
2025,32,SinhHoc,457,5.851,,1.6542,13.57,32.0,Đà Nẵng
2025,32,Toan,8836,4.4957,,1.7184,4.9,32.0,Đà Nẵng
2025,32,VatLy,2583,7.0361,,1.5794,32.71,32.0,Đà Nẵng
2025,33,HoaHoc,3006,6.5725,,1.8568,28.84,33.0,Quảng Nam
2025,33,NgoaiNgu,4662,5.2085,,1.4847,4.8,33.0,Quảng Nam
2025,33,NguVan,13523,7.1938,,1.1638,29.88,33.0,Quảng Nam
2025,33,SinhHoc,1089,5.8087,,1.7017,13.5,33.0,Quảng Nam
2025,33,Toan,13518,4.8791,,1.6723,6.36,33.0,Quảng Nam
2025,33,VatLy,4185,7.1397,,1.5661,36.03,33.0,Quảng Nam
2025,34,HoaHoc,4355,6.0962,,1.7507,19.15,34.0,Quảng Ngãi
2025,34,NgoaiNgu,4563,5.0849,,1.4077,3.31,34.0,Quảng Ngãi
2025,34,NguVan,17925,6.8073,,1.371,22.51,34.0,Quảng Ngãi
2025,34,SinhHoc,696,6.0786,,1.7401,17.39,34.0,Quảng Ngãi
2025,34,Toan,17892,4.6394,,1.6149,4.14,34.0,Quảng Ngãi
2025,34,VatLy,7022,6.9397,,1.4962,29.72,34.0,Quảng Ngãi
2025,35,HoaHoc,3490,6.1481,,1.7584,19.46,35.0,Bình Định
2025,35,NgoaiNgu,3829,5.0422,,1.398,2.98,35.0,Bình Định
2025,35,NguVan,14073,6.7227,,1.4236,22.73,35.0,Bình Định
2025,35,SinhHoc,547,5.8968,,1.6932,14.63,35.0,Bình Định
2025,35,Toan,14061,4.7602,,1.5994,4.74,35.0,Bình Định
2025,35,VatLy,5199,6.8613,,1.4714,27.16,35.0,Bình Định
2025,36,HoaHoc,1208,5.9365,,1.8332,18.29,36.0,Phú Yên
2025,36,NgoaiNgu,988,5.2715,,1.3791,3.64,36.0,Phú Yên
2025,36,NguVan,5104,6.1589,,1.2797,7.99,36.0,Phú Yên
2025,36,SinhHoc,308,5.6227,,1.7393,11.69,36.0,Phú Yên
2025,36,Toan,5088,4.5107,,1.5705,3.81,36.0,Phú Yên
2025,36,VatLy,1530,6.9759,,1.5073,30.78,36.0,Phú Yên
2025,37,HoaHoc,4069,6.1649,,1.6941,18.75,37.0,Khánh Hòa
2025,37,NgoaiNgu,7324,4.9485,,1.3404,2.66,37.0,Khánh Hòa
2025,37,NguVan,19796,6.9036,,1.3229,25.19,37.0,Khánh Hòa
2025,37,SinhHoc,828,6.1531,,1.3888,12.08,37.0,Khánh Hòa
2025,37,Toan,19764,4.6963,,1.5628,4.08,37.0,Khánh Hòa
2025,37,VatLy,6231,7.0615,,1.4382,31.12,37.0,Khánh Hòa
2025,38,HoaHoc,3735,5.8751,,1.8323,17.51,38.0,Ninh Thuận
2025,38,NgoaiNgu,3237,5.1283,,1.4235,4.05,38.0,Ninh Thuận
2025,38,NguVan,15568,6.6155,,1.3122,16.37,38.0,Ninh Thuận
2025,38,SinhHoc,1034,5.4767,,1.5284,7.45,38.0,Ninh Thuận
2025,38,Toan,15560,4.3258,,1.6019,3.35,38.0,Ninh Thuận
2025,38,VatLy,4890,6.802,,1.5519,27.26,38.0,Ninh Thuận
2025,39,HoaHoc,2441,5.9415,,1.7944,18.07,39.0,Bình Thuận
2025,39,NgoaiNgu,3177,5.0112,,1.3712,2.96,39.0,Bình Thuận
2025,39,NguVan,10547,6.4893,,1.216,11.56,39.0,Bình Thuận
2025,39,SinhHoc,648,5.7093,,1.4895,8.64,39.0,Bình Thuận
2025,39,Toan,10516,4.6108,,1.5429,3.54,39.0,Bình Thuận
2025,39,VatLy,3083,6.7941,,1.554,27.38,39.0,Bình Thuận
2025,40,HoaHoc,4713,5.7451,,1.7873,14.87,40.0,Kon Tum
2025,40,NgoaiNgu,5164,5.0791,,1.4428,3.58,40.0,Kon Tum
2025,40,NguVan,21937,6.1801,,1.2756,7.78,40.0,Kon Tum
2025,40,SinhHoc,1406,5.5869,,1.6185,10.38,40.0,Kon Tum
2025,40,Toan,21928,4.295,,1.6664,3.44,40.0,Kon Tum
2025,40,VatLy,6341,6.7093,,1.5781,25.8,40.0,Kon Tum
2025,41,HoaHoc,3042,5.9914,,1.7883,18.01,41.0,Gia Lai
2025,41,NgoaiNgu,5528,5.1536,,1.4348,4.27,41.0,Gia Lai
2025,41,NguVan,14427,6.8746,,1.3246,22.8,41.0,Gia Lai
2025,41,SinhHoc,695,5.9037,,1.7116,13.24,41.0,Gia Lai
2025,41,Toan,14427,4.7088,,1.6319,4.09,41.0,Gia Lai
2025,41,VatLy,5417,6.8008,,1.5308,26.55,41.0,Gia Lai
2025,42,HoaHoc,3929,5.8227,,1.6787,13.59,42.0,Đắk Lắk
2025,42,NgoaiNgu,5047,5.1863,,1.3611,3.59,42.0,Đắk Lắk
2025,42,NguVan,16568,6.5244,,1.0446,8.12,42.0,Đắk Lắk
2025,42,SinhHoc,1253,5.8149,,1.3952,8.22,42.0,Đắk Lắk
2025,42,Toan,16600,4.6852,,1.4863,3.17,42.0,Đắk Lắk
2025,42,VatLy,5517,6.9369,,1.3987,26.99,42.0,Đắk Lắk
2025,43,HoaHoc,3034,5.7565,,1.7719,15.23,43.0,Đắk Nông
2025,43,NgoaiNgu,3710,5.018,,1.3324,2.7,43.0,Đắk Nông
2025,43,NguVan,11884,6.7266,,1.2793,18.07,43.0,Đắk Nông
2025,43,SinhHoc,507,6.1068,,1.5322,13.61,43.0,Đắk Nông
2025,43,Toan,11878,4.6855,,1.5822,4.01,43.0,Đắk Nông
2025,43,VatLy,4566,6.8648,,1.4796,27.09,43.0,Đắk Nông
2025,44,HoaHoc,5374,6.2945,,1.6786,20.93,44.0,Lâm Đồng
2025,44,NgoaiNgu,6479,5.7229,,1.2756,5.56,44.0,Lâm Đồng
2025,44,NguVan,16701,6.8543,,0.8392,9.27,44.0,Lâm Đồng
2025,44,SinhHoc,906,6.6614,,1.3322,19.32,44.0,Lâm Đồng
2025,44,Toan,16713,5.4021,,1.4709,6.98,44.0,Lâm Đồng
2025,44,VatLy,8235,7.3303,,1.3966,37.52,44.0,Lâm Đồng
2025,45,HoaHoc,1286,5.6753,,1.7094,12.21,45.0,Bình Phước
2025,45,NgoaiNgu,1617,4.9015,,1.3759,2.78,45.0,Bình Phước
2025,45,NguVan,6158,6.2219,,1.1985,7.96,45.0,Bình Phước
2025,45,SinhHoc,391,5.46,,1.4752,6.14,45.0,Bình Phước
2025,45,Toan,6140,4.2525,,1.5023,2.02,45.0,Bình Phước
2025,45,VatLy,1932,6.6687,,1.5901,24.79,45.0,Bình Phước
2025,46,HoaHoc,2682,5.6357,,1.6541,11.48,46.0,Tây Ninh
2025,46,NgoaiNgu,2838,5.0574,,1.2972,2.5,46.0,Tây Ninh
2025,46,NguVan,10891,6.8471,,1.077,15.57,46.0,Tây Ninh
2025,46,SinhHoc,665,5.6683,,1.3394,5.41,46.0,Tây Ninh
2025,46,Toan,10912,4.4769,,1.4176,2.12,46.0,Tây Ninh
2025,46,VatLy,3351,6.705,,1.3899,21.87,46.0,Tây Ninh
2025,47,HoaHoc,2493,5.8061,,1.6591,13.56,47.0,Bình Dương
2025,47,NgoaiNgu,4427,4.9656,,1.2386,1.83,47.0,Bình Dương
2025,47,NguVan,13322,6.6135,,1.0751,9.74,47.0,Bình Dương
2025,47,SinhHoc,611,5.811,,1.3653,7.86,47.0,Bình Dương
2025,47,Toan,13286,4.557,,1.4398,2.32,47.0,Bình Dương
2025,47,VatLy,4001,6.8967,,1.4313,26.94,47.0,Bình Dương
2025,48,HoaHoc,7725,5.7833,,1.6815,13.29,48.0,Đồng Nai
2025,48,NgoaiNgu,12371,5.2449,,1.3386,3.68,48.0,Đồng Nai
2025,48,NguVan,36360,6.4406,,1.3147,12.6,48.0,Đồng Nai
2025,48,SinhHoc,1784,5.7676,,1.4476,7.85,48.0,Đồng Nai
2025,48,Toan,36407,4.6401,,1.509,2.68,48.0,Đồng Nai
2025,48,VatLy,12320,6.7657,,1.4009,22.6,48.0,Đồng Nai
2025,49,HoaHoc,4848,5.6712,,1.6371,11.65,49.0,Bà Rịa - Vũng Tàu
2025,49,NgoaiNgu,5212,4.9042,,1.273,1.84,49.0,Bà Rịa - Vũng Tàu
2025,49,NguVan,15707,6.7999,,0.9837,12.44,49.0,Bà Rịa - Vũng Tàu
2025,49,SinhHoc,1270,5.594,,1.3463,5.75,49.0,Bà Rịa - Vũng Tàu
2025,49,Toan,15662,4.7254,,1.3393,2.34,49.0,Bà Rịa - Vũng Tàu
2025,49,VatLy,6519,6.6541,,1.3902,20.14,49.0,Bà Rịa - Vũng Tàu
2025,50,HoaHoc,4630,5.606,,1.6896,11.86,50.0,TP. Hồ Chí Minh
2025,50,NgoaiNgu,3521,5.0474,,1.3367,3.15,50.0,TP. Hồ Chí Minh
2025,50,NguVan,17241,6.7939,,1.0769,15.27,50.0,TP. Hồ Chí Minh
2025,50,SinhHoc,1812,5.6187,,1.483,7.78,50.0,TP. Hồ Chí Minh
2025,50,Toan,17241,4.3654,,1.4525,2.09,50.0,TP. Hồ Chí Minh
2025,50,VatLy,5144,6.5791,,1.4592,20.08,50.0,TP. Hồ Chí Minh
2025,51,HoaHoc,4707,5.9252,,1.6531,14.57,51.0,Long An
2025,51,NgoaiNgu,5627,4.9593,,1.3068,2.27,51.0,Long An
2025,51,NguVan,20677,7.1923,,1.138,29.56,51.0,Long An
2025,51,SinhHoc,2033,6.0257,,1.3516,8.9,51.0,Long An
2025,51,Toan,20653,4.5667,,1.3867,2.05,51.0,Long An
2025,51,VatLy,6191,6.9316,,1.3848,26.07,51.0,Long An
2025,52,HoaHoc,3353,5.7719,,1.6828,13.81,52.0,Tiền Giang
2025,52,NgoaiNgu,6699,5.3661,,1.4312,5.14,52.0,Tiền Giang
2025,52,NguVan,14096,6.8397,,1.1206,18.1,52.0,Tiền Giang
2025,52,SinhHoc,562,5.9769,,1.5887,12.46,52.0,Tiền Giang
2025,52,Toan,14087,5.1104,,1.4391,4.59,52.0,Tiền Giang
2025,52,VatLy,6603,6.7191,,1.3871,21.58,52.0,Tiền Giang
2025,53,HoaHoc,4995,5.8515,,1.7186,14.69,53.0,Bến Tre
2025,53,NgoaiNgu,5130,4.9865,,1.2846,1.99,53.0,Bến Tre
2025,53,NguVan,16524,7.0227,,1.0532,20.29,53.0,Bến Tre
2025,53,SinhHoc,1292,5.7627,,1.4336,7.74,53.0,Bến Tre
2025,53,Toan,16540,4.8267,,1.3862,2.87,53.0,Bến Tre
2025,53,VatLy,6503,6.8943,,1.4098,26.23,53.0,Bến Tre
2025,54,HoaHoc,2978,5.5436,,1.7141,11.85,54.0,Trà Vinh
2025,54,NgoaiNgu,3319,4.8909,,1.3526,2.2,54.0,Trà Vinh
2025,54,NguVan,15205,6.9597,,1.0615,18.8,54.0,Trà Vinh
2025,54,SinhHoc,1629,5.5461,,1.3382,4.79,54.0,Trà Vinh
2025,54,Toan,15183,4.2582,,1.4395,1.79,54.0,Trà Vinh
2025,54,VatLy,3785,6.5989,,1.4755,21.35,54.0,Trà Vinh
2025,55,HoaHoc,3518,6.1082,,1.773,19.41,55.0,Vĩnh Long
2025,55,NgoaiNgu,3530,5.3745,,1.3845,5.04,55.0,Vĩnh Long
2025,55,NguVan,13050,7.2096,,1.1938,31.62,55.0,Vĩnh Long
2025,55,SinhHoc,1579,6.2627,,1.3982,13.11,55.0,Vĩnh Long
2025,55,Toan,13169,4.5927,,1.5909,3.46,55.0,Vĩnh Long
2025,55,VatLy,4068,6.9257,,1.4343,27.43,55.0,Vĩnh Long
2025,56,HoaHoc,3134,5.9499,,1.6936,15.19,56.0,Đồng Tháp
2025,56,NgoaiNgu,2954,4.9864,,1.3502,3.32,56.0,Đồng Tháp
2025,56,NguVan,12172,6.93,,1.0843,19.24,56.0,Đồng Tháp
2025,56,SinhHoc,840,5.8983,,1.3715,9.05,56.0,Đồng Tháp
2025,56,Toan,12188,4.5907,,1.4034,2.5,56.0,Đồng Tháp
2025,56,VatLy,4187,6.7068,,1.4093,22.67,56.0,Đồng Tháp
2025,57,HoaHoc,2611,6.029,,1.6499,15.97,57.0,An Giang
2025,57,NgoaiNgu,2380,5.0501,,1.3142,2.94,57.0,An Giang
2025,57,NguVan,11462,5.9801,,1.0757,2.27,57.0,An Giang
2025,57,SinhHoc,1265,5.8845,,1.3064,7.35,57.0,An Giang
2025,57,Toan,11473,4.4845,,1.392,2.0,57.0,An Giang
2025,57,VatLy,3392,6.9161,,1.3322,24.44,57.0,An Giang
2025,58,HoaHoc,2015,5.3857,,1.7259,9.38,58.0,Kiên Giang
2025,58,NgoaiNgu,1530,4.8425,,1.3511,2.22,58.0,Kiên Giang
2025,58,NguVan,10043,7.3566,,1.093,35.35,58.0,Kiên Giang
2025,58,SinhHoc,1155,5.2148,,1.3539,3.29,58.0,Kiên Giang
2025,58,Toan,10030,4.0312,,1.3693,1.22,58.0,Kiên Giang
2025,58,VatLy,2151,6.3426,,1.4564,16.69,58.0,Kiên Giang
2025,59,HoaHoc,1987,5.457,,1.7076,10.72,59.0,Cần Thơ
2025,59,NgoaiNgu,2137,4.7613,,1.3818,2.48,59.0,Cần Thơ
2025,59,NguVan,11153,7.2684,,1.1189,32.51,59.0,Cần Thơ
2025,59,SinhHoc,1259,5.25,,1.371,3.57,59.0,Cần Thơ
2025,59,Toan,11093,4.0724,,1.3823,1.33,59.0,Cần Thơ
2025,59,VatLy,2642,6.405,,1.471,17.03,59.0,Cần Thơ
2025,60,HoaHoc,1829,5.9259,,1.6331,14.54,60.0,Hậu Giang
2025,60,NgoaiNgu,1190,5.2298,,1.3181,3.36,60.0,Hậu Giang
2025,60,NguVan,6714,7.0833,,0.9508,21.18,60.0,Hậu Giang
2025,60,SinhHoc,662,5.8943,,1.4319,10.12,60.0,Hậu Giang
2025,60,Toan,6661,4.6242,,1.4291,2.69,60.0,Hậu Giang
2025,60,VatLy,2262,6.7382,,1.443,23.56,60.0,Hậu Giang
2025,61,HoaHoc,2816,5.2363,,1.6883,9.2,61.0,Sóc Trăng
2025,61,NgoaiNgu,2194,4.8614,,1.2966,1.82,61.0,Sóc Trăng
2025,61,NguVan,10856,6.9245,,1.0883,18.95,61.0,Sóc Trăng
2025,61,SinhHoc,1358,5.5976,,1.3623,5.6,61.0,Sóc Trăng
2025,61,Toan,10852,4.2585,,1.4454,1.99,61.0,Sóc Trăng
2025,61,VatLy,3016,6.3424,,1.4993,17.27,61.0,Sóc Trăng
2025,62,HoaHoc,869,5.5751,,1.8386,14.84,62.0,Bạc Liêu
2025,62,NgoaiNgu,580,5.5539,,1.6056,9.48,62.0,Bạc Liêu
2025,62,NguVan,6959,6.8255,,1.0943,18.13,62.0,Bạc Liêu
2025,62,SinhHoc,656,5.0219,,1.5291,3.96,62.0,Bạc Liêu
2025,62,Toan,6843,3.8125,,1.4183,1.74,62.0,Bạc Liêu
2025,62,VatLy,913,6.4674,,1.6184,21.58,62.0,Bạc Liêu
2025,63,HoaHoc,1860,5.3912,,1.7617,10.27,63.0,Cà Mau
2025,63,NgoaiNgu,1409,4.9177,,1.3521,2.34,63.0,Cà Mau
2025,63,NguVan,8251,6.5243,,1.1553,10.68,63.0,Cà Mau
2025,63,SinhHoc,622,5.4404,,1.4455,4.98,63.0,Cà Mau
2025,63,Toan,8255,4.229,,1.5145,2.39,63.0,Cà Mau
2025,63,VatLy,2594,6.4373,,1.5681,20.28,63.0,Cà Mau
2025,64,HoaHoc,1670,5.5315,,1.7025,11.02,,
2025,64,NgoaiNgu,1106,4.8332,,1.3623,2.08,,
2025,64,NguVan,7215,7.3336,,1.0478,33.46,,
2025,64,SinhHoc,804,5.5225,,1.3627,5.35,,
2025,64,Toan,7202,4.1366,,1.3746,1.22,,
2025,64,VatLy,1738,6.4708,,1.4577,18.41,,
